unique_id,similarity
ABAWEG,0.867738953624602
ABAWOQ,0.9052107409361351
ABAWUW,0.6450365408889112
ABEDOA01,0.8932420078659198
ABEFOE,0.826797089145429
ABIVIQ,0.458784143125147
ABOKUY,0.6513514071876911
ABUZED,0.7061180859835516
ACAGIU,0.8175407197724269
ACAGOA,0.3898775080395597
ACASOM,0.7714018989231678
ACAWEH,0.9236416779553381
ACEFOE,0.7944009418594609
ACEOXM,0.4544662603363473
ACEQOR,0.8746394577374664
ACETIM,0.5876103904675993
ACETYL,0.5741913548429456
ACICAR01,0.80867079166251
ACIDEV,0.6692808263717994
ACIDOF,0.4193658402344592
ACIGUP,0.5238694984780928
ACIJOM,0.8191359960537445
ACIROU,0.8099737949248835
ACIRUA,0.7920116068345776
ACISAH,0.7653863599829726
ACISAI,0.8847756829569909
ACIYAP,0.6642604115395111
ACIYIX,0.9471798141636807
ACOGIK,0.7669783287351732
ACOGOQ,0.726732290648769
ACOGUW,0.8668828617572142
ACOQUG,0.9113056827181133
ACRLAC,0.6650490393328381
ACUNAN,0.769312839720691
ACUNAO,0.6055988652970118
ACUNIV,0.853369151556929
ACUNOB,0.8091149403732102
ACUXIF,0.8039215562859456
ADAHUJ,0.6497327274496453
ADAJAR,0.8293530679250041
ADAJEV,0.5985430011550111
ADAMAN01,0.5721625937108236
ADARAZ,0.8157889855164925
ADASIH,0.3884075688540494
ADEBER,0.8124022389929723
ADEFAT,0.8653808570931292
ADEKOK,0.7575343752111957
ADEQIK,0.655820386547087
ADETAE,0.3508737686953595
ADEZIT,0.49039553384196666
ADEZOZ,0.8933852009068484
ADILEG,0.5853715958275005
ADIPAC,0.8900885292679539
ADIPAM11,0.7408926576119994
ADMNTB03,0.5746393919000996
ADOHOS,0.848297236232332
ADUQEW,0.9235661263931831
ADUQOG,0.9236835737553869
ADUQUM,0.8160284306490033
ADUWUS,0.8791792175419321
ADUXAZ,0.9650006124715544
ADYLAD,
AFAZUD,0.378740972737852
AFECAP,0.45201486413193664
AFEMIH,0.6074409333160524
AFEMON,0.620769091972593
AFESEK,0.910706877355863
AFEVAJ,0.9302221440372608
AFIFOM,0.6608825768274876
AFIFUT,0.5567846240232706
AFIHON,0.8569082992503954
AFIHOO,0.7817663831473508
AFIKIK,0.6677941197803923
AFIMUA,0.4642076655880934
AFIWET,0.7396447342106346
AFODOQ,0.5755520518183967
AFOFEG,0.6014331019977108
AFOMOX,0.8954478681485742
AFOQER,0.6550056209284958
AFUFUE,
AFUPIC,0.9582947053739096
AFUXOR,0.8544095076906627
AGAJEX,0.9247283119633406
AGAJIB,0.9528120623533766
AGAJOI,0.7780111566682313
AGANIH,0.8008597748337265
AGARAE,0.9283827904996967
AGAREH,0.51759128804815
AGAYUE,0.807248696868056
AGEDAS,0.767389039721157
AGEDEW,0.8192380167470769
AGEPEH,0.8854451649616325
AGEPIL,0.9386752917674764
AGEPUZ,0.7129232849647721
AGERAF,0.8678628453713323
AGIBEA,0.6895702024940181
AGINOW,0.9285842357297568
AGISUG,0.9393324417574017
AGITER,0.9042577920071803
AGIXUL,0.57720890371558
AGIYEX,0.8911082323262799
AGODOR,0.8764377328401155
AGOLIS,0.581552945167204
AGOYAZ,0.8311413837163901
AGULUM,0.6660356513451836
AHAZEQ,0.8042672351217384
AHAZOA,0.6682591968958674
AHEMAB,0.9616673275621163
AHENAC,0.5408348893319096
AHEQIP,0.4699745118107348
AHIDAZ,0.7604896141054605
AHIDED,0.7608207947682329
AHIDOL,
AHIGAA,0.7958544772642528
AHODUZ,0.6890199698383106
AHOFAH,0.9273750746173278
AHOPOD,0.6576026394105428
AHOSUO,0.712379056676279
AHUPEY,0.7724185890955702
AJEDIC,0.5325795482929506
AJEHIH,0.8513512842041894
AJEHUT,0.6985251564009427
AJERIR01,0.47303393363058577
AJERIT,0.8885745588580627
AJESIS,0.5177055903732045
AJETOB,0.9267566635038804
AJETUH,0.8280463988053316
AJEXIZ,0.8191199493045025
AJEXOF,0.9429067989579116
AJEXUL,0.9382339537956911
AJIBEB,0.9655846082526691
AJIKIN,
AJIVOG,0.48589545367908843
AJOHIS,0.6816061501843002
AJOSAU,0.694069944341575
AJULAS,0.6840219568146445
AKAPIL,0.49466911056262197
AKAWOZ,0.9720188246521321
AKIFUV,0.6778508225989838
AKIPUH,0.8548046324025848
AKIQIW,0.8711180632613473
AKIQUI,0.9436653475896535
AKOQUO,0.8948169224900234
AKORAV,0.40537632915817545
AKOZIL,0.7474354068162021
AKUVAD,0.6330578099647572
AKUZOV,0.8045939041354129
ALAFIC,0.9616113522056042
ALAQIP,0.5986917567885485
ALEGUU,0.8324947304330008
ALETUG,0.7041189405575493
ALITOL,0.8242869300068658
ALOREA,0.8862272059261684
ALOXAN,0.5407850853463929
ALUHIA,0.4407402400545606
ALUJAU,0.4593973276604162
ALUJIC,0.5977973479471969
ALUVAE,0.41964622101559296
ALUVEI,0.35021343199486776
AMADEX,0.6508158210582117
AMAFEZ01,0.8272113381386933
AMAMOR,0.5359029174542879
AMAPIP,0.6392297527297163
AMASOY,
AMEHAD,0.5381101495428131
AMERIU,0.8707508919710681
AMETES,0.6127007815887107
AMIKOY,0.6534396018826433
AMIXUP,0.827298082966638
AMMTAZ01,0.5205142118838794
AMOCUB,0.538815465889835
AMODOW,0.5994908490852239
AMONUN,0.8873981339275476
AMUBUH,0.8815206657916073
ANACEY,0.6439181735104346
ANAPAH,0.8925233435777287
ANEWEX,0.786535129874049
ANIFOU01,0.7651054748450816
ANISAC,0.3706978375508969
ANODAJ,0.7869342748624801
ANOKEV,0.6588467990647253
ANTCEN,0.6920052212420305
ANTMET01,0.6656289979818223
ANTQUO,0.9450447769652975
ANTRYD,0.7718115807925281
ANUKAW01,0.820967034709139
ANUKIE,0.68546630230337
ANULEN,0.888408531480233
ANUYEO,0.7672739634996378
APAFED,
APAFEE,0.853655172361759
APAFII,0.6777295997010073
APALEK,0.8245318466113776
APAREP,0.6074015162108632
APAVUK,0.49716746713621507
APAWEU,0.8352404222786837
APEMAK,0.9431883913294435
APIDIN,0.7668442702319545
APOQED,0.7097412688276631
APOVUX,0.690083357045165
APOWIM,0.6824149818247675
APOWUY,0.8858221011982768
APOXOT,0.6731848462088932
APUSAF,0.7052095262506639
APUSAF01,0.8633244504577122
APUWEN,0.43956573493234624
APUXAK,0.6216232143738731
APUZEQ,0.5976438001957987
APYFEB01,0.4699093076154242
AQACEB,0.7520644473554723
AQEDEH,0.9237251482677171
AQEQIX,0.549433550295444
AQEQOD,0.7693290369085308
AQEVIB,0.737355074851578
AQEVOH,0.7102964146652958
AQICAG,0.3730039218932955
AQIHIR,0.8857636058046889
AQINIY01,0.48008933012301497
AQIQOI,0.7242430470662786
AQONUR,0.39860174474096166
AQOVEH,0.3281918255795142
AQUBEV,0.622174467178933
ARAGIK,0.8898111742924775
ARAKIP,0.44515486156815665
AREFAF,0.6406682905102459
AREGIP,0.8515346081047519
AREGOV,0.9145086270776873
ARIWOP,
ARIWUV,0.6732188942114868
ARIXAC,0.7710314304165014
ARIXEG,0.357829271090989
AROCAM,0.954408612190482
AROQEE,0.9266749589117149
AROYAH,0.6858647982534252
AROYIP,0.8419714298188481
AROYUB,0.5148434263854313
AROZEM,0.7043068448556384
ASEHOX,0.8686788571664169
ASIJUI,0.8626649467416155
ASILAP,0.6493643140582782
ASILET,0.845340756948251
ASISIG,0.7424978439825208
ASOKUO,0.5655453170251451
ASONED,0.688972895959764
ASONIH,0.7094923249466196
ASOPEF,0.5653410917105692
ASOVOU,0.493649905709157
ASPRIN,0.43670485587121294
ASUBAS,0.8475918994247924
ASUBEW,0.6415168208211411
ASUMUW,0.5175482174194042
ASUWUH,0.43673290651003654
ATAKUB,0.9264828929482949
ATAZEC,0.4425108712201049
ATINUO,0.7694548570193258
ATIPAW,0.765945118414806
ATIPIE,0.8245647346182996
ATIRAY,0.789456069701773
ATOMED,0.8766861700449372
ATOWIP,0.6950525171595349
ATULIK,0.5939240216264963
ATUNAF,0.8207434986577241
ATUNUZ01,0.42260036420317876
ATUTUE,0.8031065972062864
ATUXIW,0.7680060003039263
ATUYIX,0.6294899218865267
ATUZIZ,0.8930977738560107
AVAFAE,0.9624221443659937
AVAJAI,0.22832660170427707
AVEBUA,0.8483826410352615
AVISED,0.634271182341837
AVIWEJ01,0.7305142887520284
AVOFAU02,0.38235465652160905
AVOZOA,0.5026458920569088
AVUDEB,0.6386279047110498
AVUKEJ,
AVUSOA,0.8616553750195469
AVUZEW,0.6973586130772739
AWAKIT,0.5377274319600976
AWAZON,0.6923863296978922
AWEGOY,0.7907503457467593
AWEHAL,0.565334869838463
AWEHAL02,0.5889627101220481
AWEKAP,0.933243983121454
AWEKUJ,0.9622860311663836
AWELIZ,0.6309195965992436
AWELUL,0.3455722740167294
AWEPEY,0.6527734166824364
AWESUS,0.8286961390449346
AWIXUZ,0.4875508133775479
AWOFUP,0.7831336332156734
AWUGII,0.699610887265021
AWUKIN,0.7955836036035602
AWUMOU,0.8902772889041872
AWUQEQ,0.9077273463180505
AWUYEY,0.4989241777028656
AXADUA,0.8133023600415262
AXAGIP,0.6115751412056294
AXAHAJ,0.7158424860034336
AXAHEN,0.9393026616618401
AXAKAM,0.7437068583986792
AXAWOM,0.38341589256886366
AXAXUT,0.788544545966431
AXEPUQ,0.5229611479937392
AXEQEB,0.547675659392988
AXEZAE,0.9165901035842856
AXIPIH,0.7415414314482319
AXISAD,0.5033375966197104
AXOQIP,0.7092880470061168
AYALOC,0.701482967933246
AYAVAX,0.8064385016909361
AYAVIF,0.940905657909266
AYEBUB,0.6850063820567521
AYIFUJ,0.5070602982467118
AYIMUQ,0.8534555424280371
AYORUC,0.8619242804005158
AYOYUJ,0.823239954812701
AYUCIH,0.7809738236992513
AYUFOQ,0.5155883281118665
AYUMUC,0.8368310297620931
AYUNAJ,0.5750808191331713
AYURUI,0.5456695393340616
AYUTEU,0.7068490104339666
AYUWOH,0.6589188247337717
AYUZUQ,0.9223482416897697
AZABAG,0.9205347561213004
AZAFAJ01,0.8996567632984482
AZAMAQ,0.4703724478167034
AZAQIC,0.9204148531996642
AZAZEI,0.4728918663443951
AZBENC,0.362497065202308
AZCFOM,0.9173562447908805
AZCOPY01,0.8448311996731068
AZDCAR,0.6364043534469006
AZELAC01,0.5434990478643391
AZETOQ,0.8192089305980021
AZEVUY,0.7058339637637995
AZIBEQ,0.698418164184595
AZIBYR,0.8809576788258614
AZOBAS,0.6992397255886105
AZOJEE,0.7354356026347111
AZOMUY,0.9101078096642147
AZOSOX,0.4503984842769215
AZOTEP,0.39345598514840213
AZOYIY,0.9141647637693282
AZSTBB,0.7721048432430746
AZUCOO,0.5583722773486237
AZUGUY,0.6942249085249966
AZUHEI,0.571672204130882
AZUJOV,0.8735985797550638
AZUKAI,0.8830763697937648
AZULOP,0.6594421163205507
AZUQOC,0.705261022622172
BABFAN,0.8016966504819663
BABMAS01,0.5504817245723583
BABMOG,0.6584381945231969
BABMUP,
BACGUI,0.7115720648177368
BACJEX,0.7814435622562317
BACKEY,0.8764600851143283
BACKIC,0.8904472963995563
BACLUQ,0.7329777206542858
BACWAH,0.8421418634088487
BACWEL,0.9348967124510251
BADAMN10,0.6260088375238191
BADHUN,0.7794696594719233
BADJOF,0.8414099386808099
BADQEF,0.5565673526877137
BADRON,0.9266478299577705
BADTIM,
BAFQEG,0.4755858736626623
BAFTAD10,0.5533300433528545
BAFXEP,0.8898683595059809
BAFXIP,0.582774000604512
BAGFEW,0.8368799673586934
BAGHAS,0.8662887711670185
BAGJAU10,0.8644042597013889
BAGMII,0.7054486760150864
BAGQIJ01,0.44826667040603974
BAGQOT,0.6034462897615149
BAJBIA,0.8513926556605258
BAJFIE,0.6865727527823037
BAKBEU01,0.7520317336917124
BAKTUD,0.4587631425427241
BALJUV,0.5278607021361408
BALKAC,0.5531900088842895
BALPOT,0.6900137429341261
BALRUD,
BALVUI,0.8296077590085765
BALWAP,0.5327208881387626
BALWIW,0.9176412787510723
BAMBAU,0.5904194644145393
BAMBUP,0.5329743767245121
BAMDAU,0.7848290459598541
BANHIK,0.41484083864516363
BANNUA,0.6965678758807456
BANPIQ,0.786994673487546
BANWAP,0.7473868276083703
BAPJEH,
BAPLEM,0.8364309992435802
BAPLIQ,0.7478932453187142
BAPOCM10,0.6697665242899008
BAPRAN,0.8123170127811661
BAQXID,0.5117343498555207
BARDIJ,0.8504348593253389
BARNUE,0.7320280585380575
BARPAM,0.7175132080699793
BARPEQ,0.7463517123849815
BARSOD,0.912157439544402
BARVEV,0.8846997018961963
BASBON,0.6374409119715004
BASCAA,0.7018405426745631
BASDUX,0.6383716269447622
BASMAJ,0.6678261070257846
BASNOY,0.9302517337514774
BATGUY10,0.7750663614344909
BATWOK,0.5066847270992548
BATXAX,0.4509136455676915
BAVNEU,0.6731845208738185
BAVRAU,0.7146704235547285
BAWHOW,0.6265071799854384
BAWNOC01,0.8218934336257593
BAWSUP,0.896471157400006
BAWVUQ01,0.6246604179223088
BAXJUF,0.6448512712336163
BAYKET,0.48242613954090946
BAYLAO,0.2990630556904515
BAYSIG,0.7201286447486956
BAZGOY02,0.6016777556682467
BAZGOY06,0.6029027137966013
BAZTEE,0.7251452464146262
BCHTOC,0.8120769470752128
BCPROP,0.6011607687082243
BDTOLE11,0.9086209141017846
BEBJEY,0.6214675628508189
BEBMAX,0.7876327699852339
BECVIR,0.848534949457542
BEDDIY,0.8747009049855824
BEDRIL02,0.6916630514601501
BEDROT,0.5937247605057705
BEDVUC,0.6414815043185412
BEDWAL,0.4067933452042064
BEDWOX,0.4834013596449881
BEFNUY,0.6996508909811336
BEFTAJ,0.3678731270773051
BEFTIR,0.7843832637888588
BEGJEE,0.8389799649054508
BEGRIR,0.8735303540840618
BEGRUA,0.4371504242727187
BEHCEX,0.9353057455383985
BEHGAZ,0.5577256254859754
BEHGUR,0.43120728653692797
BEHZOF,0.7115357513199045
BEJGUU,0.4949578681771692
BEJZEV12,0.4887394704788948
BEKCAX,0.8861409376374322
BEKDEA,0.8553648645261934
BEKFEF,0.8245146608808228
BEKJIK,0.6949754680105094
BELBAV01,0.5992202189328519
BELTOB,0.6134920227857632
BELXIC,0.7967184538398622
BELZIC,0.7889331458833577
BEMBEB,0.6063386442722221
BEMCAX,0.34218202489000493
BEMRIU10,0.6974815157799003
BEMSUH,0.8026068311304426
BEMZAV,0.7710742353941638
BENLUD,0.8302819606314237
BENRIX,0.8384180392854399
BENROD,0.6229557876760946
BENTUJ,0.4180213495604166
BENVAR,0.4761614591031523
BENXEY,0.7211659465872085
BENZEN,0.7361837941887797
BENZIL,0.4319880089952824
BEPKAJ,0.41462073616893313
BEPZIH,0.7769938020362794
BEQWEZ,0.39728853088088534
BEQWOJ,0.9251663422111922
BEQYOL,0.7234362373968201
BEQYUT,0.7510689771154913
BERDOT,0.8465114935300245
BERGIP,0.8924112376228532
BERJOX,0.8745692550344475
BERKEO,0.710814565607579
BERREV,0.6192234440121134
BERWEA,0.7793913699429214
BERYIJ,0.7062005638571751
BESCEI,0.5445225227474025
BESMOC,0.8304127557486795
BESQIZ,0.9046790062642154
BESSID,0.9559212920072239
BESWUT,0.964312626982088
BETCAE,0.4540521793636465
BETKIV,0.6505190690073084
BETKOB,0.730308306916537
BETLER,0.680998575084298
BETLIW,0.7462213568159234
BETNEU,0.8818625161860741
BETZAC,0.7218846197903719
BETZOQ,0.7955924546278973
BEVDAI,0.35295840890517644
BEVGUG,0.8935660694241608
BEVXAE,0.6553180796191487
BEWDAJ,0.33346087543019776
BEWDEN,0.6617874618574457
BEWFEO,0.5291996809348124
BEWFIS,0.9613046842098616
BEWFIV,0.8070266103941764
BEWMIC,0.4022674092198814
BEWPOJ,0.8241749643008293
BEXHES,0.7330049646426906
BEXHIW,0.7461954969892648
BEXHOC,0.6363498346960327
BEXMUM,0.774576102655117
BEXNAU,0.45721033345173945
BEXNOI,0.35696929224505086
BEXNUO,0.4775919304960791
BEXTIH,0.7047448362702767
BEXTUW,0.48775371705152976
BEYJUL,0.3433317685589641
BEYKAU,0.6639539298861201
BEZCOB,0.7402034734700299
BEZYAH,0.7130495253044156
BEZYEL,0.742007097951467
BEZYIP,0.5799293664400458
BEZYOV,0.7649775896825574
BIBDIB,0.8891760446575874
BIBZUJ,0.8243469674879305
BICFEB,0.6213787100669453
BICMOS,0.5288626614149686
BICQIQ,0.6476688126184649
BIDGUQ,0.9387410155446186
BIDPUC,0.7775717579262139
BIDVEP,0.6791292554919701
BIFQUD,0.6806204595566351
BIFRIS,0.6973562374569958
BIGBUO,0.7926284057044944
BIGCEZ,0.871139966021236
BIHLAH,0.5995003178253266
BIHPAK,0.8200393468759288
BIHRIU,0.48646438065521674
BIHTIW,0.67602702311323
BIHVOE,0.8113699393760523
BIHXAS,0.8180904752618646
BIJCAZ,0.555240200008146
BIJMUF,0.605125717401673
BIJSAO,0.7542743891535489
BIJYUP,0.4301535941340573
BIKBIG,0.7889681189125807
BIKGEH10,0.822363532845533
BIKGOR10,0.8494665205092979
BIKHAE10,0.5055844790715968
BIKHEI10,0.6487690073480493
BIKHOU,0.8668362247527736
BIKXOL,0.5103393265942333
BILKOY,0.6115311177076738
BILKUE,0.6140566436937224
BILQEU01,0.6279096520474186
BILWID,0.5077337395047588
BIMWUS,0.6347869638463329
BINAPH01,0.6425935512830344
BINDEI,0.6222559631322425
BINKER,0.7481221569314253
BINRIC,0.7117062253577195
BIPHDS02,0.8879901032400469
BIPHEN,0.6629862614923305
BIPYRL04,0.4873731686193159
BIQUOL,0.861521394090506
BIQYOR,0.8660302652941148
BIRFEN,0.8522124106996798
BIRKIW,0.8908770879540244
BISDAI,0.6464977699766413
BISDOY,0.8419229528197091
BISJAO01,0.6124338671432039
BISJIW,0.8483357785534407
BIUREA,0.5995788015853192
BIVDUH,0.6452048725518205
BIVFAQ,0.6713165659911112
BIVHEW,0.7503590974723631
BIVNAY,0.6638852347230619
BIVQIH,0.7898198065618558
BIVRUU,0.7960802959540157
BIVTUV,0.6746566547669918
BIVWAH,0.9217685868739296
BIVWEL,0.9155032115593504
BIWZUC,
BIXGUL,0.8701916913072526
BIXHOG,0.5441924118840133
BIXPON10,0.7939604572795396
BIXRAB10,0.774850663303783
BIYKIG,0.732508862148021
BIYRIM,0.9854171959492064
BIZDOE,0.6785322768622191
BIZLAY,0.894796046362371
BIZLEC,0.8241436977119229
BIZNEE,0.7430806150661042
BIZNOP,0.7963341133562112
BIZRAG,0.7973174155762179
BIZWOX,0.6242017218044111
BMCHBX10,0.9166987115755775
BNAFTH,0.9554882404700907
BNPHTA,0.7038045931708122
BNZQUI,0.7835899356403736
BOBKEI,0.6762599740856925
BOBLEJ,0.7626960931980317
BOBMAG01,0.6162921537515186
BOBNOW,0.8663409922278803
BOBWEX,0.6464524822922971
BOBWUN,0.8883966227071464
BOBXIC,0.8920983482144103
BOCJUZ,0.9338161906054756
BOCSIV01,0.7781114146877053
BODDUV,0.7165116573701751
BODFOR,0.5456722789322502
BOFDIJ,0.5066587597824079
BOFTAT,0.7148306573740718
BOGMIU,0.7063524256470709
BOGRAR,0.8348694391212276
BOGRIY,0.7103270988342546
BOGXOK,0.5379084000628676
BOHHUD,0.8923696150517149
BOHKAL,0.4155419223781712
BOHMEQ,0.6309394671433151
BOHMET,0.781390087889168
BOJFAI,0.831582115312428
BOJVUS,0.6452464551826608
BOJWAZ,0.8090951291635431
BOKGEP,0.7789722137196174
BOLDEL,0.2804783006603348
BOLPID,0.6525002695434221
BOLRAV,0.7973143863610155
BOLZAD,
BOLZEH,0.6533323975740597
BOMBEK,0.7760211012592251
BOMPOI,0.6411412427936818
BOMPUR,
BONJUM,0.685535276639417
BONLEY,0.8342632843359029
BONMAS,0.4436933107943606
BONTUV,0.5584274876399429
BONWOS,0.6930214181371033
BOPCEQ,0.6148746713269824
BOPCIU,0.6309517413220873
BOPCOA,0.6501213332448917
BOPCUG,0.6654182686860575
BOPDIV,0.6518068754984028
BOPDOB,0.6508273656860014
BOPLID,0.7012748237712007
BOPLOJ,0.6649618385063726
BOPQEC,0.6010158549559959
BOPQUS,0.9575747764157764
BOPYUD,0.7741915534371833
BOPZIP,0.8875474180606843
BOQDES,0.6448717523704375
BOQJUM,0.8920230855277829
BOQKOJ,0.6988073861211899
BOQSEF,0.8429755828202693
BORFEW,0.9222013226591101
BOSBIW,0.849339801547007
BOSMUS,0.9570029694420199
BOTJAX,0.6387953304420985
BOTWAJ,0.6858923825086335
BOTWAK,0.59333648452594
BOTWOX,0.7688706591048854
BOVCUL,0.6930508127046912
BOVROT,0.8876030245742466
BOWQOT,0.6515849439961444
BOWRIQ01,0.6193066303357949
BOWTAK,0.8994565845518189
BOWTEO,0.7468906349586242
BOWXER,0.7536529672135556
BOWZOC,0.8198007140643366
BOXFAV,0.6607565980791716
BOXZIA,0.7136326857159021
BOZTIT,0.5248044697254662
BOZZUN,0.48311360591060293
BPHCOY10,0.7470305397776822
BTRYPT,0.776655789170418
BUBJIR,0.6553554180558125
BUBLIT,0.5220985737346342
BUCACT01,0.820128005457064
BUCCOT,0.7283848661782021
BUCSOK,0.941900819645635
BUCSUQ,0.9134648985901631
BUCZUU,0.9143576020009156
BUDBAD,0.866901710165288
BUDDOW,0.8021321798883705
BUDKIX,0.8356734308643233
BUDMIX,0.6645225659155705
BUDMOD,0.9110671984312196
BUDPIB,0.5614491190727267
BUDQEY,0.5946606984936981
BUFBIO,0.8700671894976701
BUFCUB,0.7895982471607973
BUFDUB,0.9486508444541355
BUFHAM,0.6447338840588448
BUFJOC,0.852200180662371
BUFNAS,0.6373358758030712
BUFNUL,0.6213042605974369
BUFPAT,0.8822058596441302
BUFXAE,0.9074963163896342
BUGGES,0.8189816571314196
BUGJUJ,0.5986211008596783
BUGKIX,
BUGMUL,0.5783479207711432
BUHCIS,0.7386600772097902
BUHHIY,0.40083141040819437
BUHJAQ,0.5197677712704706
BUHJEU,0.6743810607659306
BUHLUM,0.7417912156310186
BUHSIJ,0.4124019878531815
BUHYIM,0.6953003611820386
BUKQOO,0.7501263657628084
BUKSOS,0.9345300630497997
BULCEQ,0.8761869424198687
BULWIQ,0.4648942715181351
BUMGOF,0.3918533302595465
BUMKUP,0.503316209873801
BUNJAV,0.6013791328316346
BUNLEB,0.40731248504369216
BUNYOY,0.3620173610300397
BUNZER,0.5066336837616067
BUNZIV,0.7101199244739259
BUNZUH,0.8818345371591525
BUPBEW,
BUPDOF,0.6450528966226897
BUPHCB,0.8397538849057095
BUPHUR,0.6255240017705832
BUPQAE01,0.539619759415645
BUPREJ,0.45464015697154797
BUPRIN01,0.6507605753883728
BUPWUE,0.7199502435866978
BUQKUT,0.8582530218039697
BURBUN,0.482529991111199
BURNEJ,0.7417787445459642
BURPUA,0.7937151327027174
BURQAI,0.8952097557326012
BURXIY,0.58022290131372
BURYIY,0.6053890400060067
BUSGIF,0.821979318109909
BUSJEF,0.5043559045293531
BUTBNZ01,0.5086484549579637
BUTPUB,0.8181057694795857
BUTPYR11,0.7860098649132067
BUTRAC,0.6483218481478167
BUTREN,0.579037230175601
BUTSEO,0.8388182034787295
BUVKEJ01,0.6883218944164101
BUWHOQ,0.8765324389165656
BUWVOH,0.49807705451729767
BUXMAK,0.7903792179113867
BUXSIX,0.6665221493806222
BUYJOU,0.7876564658984104
BUYMAL,0.7128636651576324
BZAZIN02,0.8597405276640063
BZAZPO,0.6593916046626059
BZCBNL01,0.5745484173421854
BZCPTK01,0.834250222347841
BZCYDY01,0.5088200484368999
BZDCPB08,0.7242909787505307
BZDIOX02,0.8245672024439529
BZONTR,0.46859574023570855
BZOYEY,0.8586733975448004
BZQDCL10,0.7631795533839321
BZTZLS,0.9169599197794491
BZYMTS,0.8782214896517023
CAACTY,0.6029733367207185
CABBIQ,0.624742885183773
CABMIB,0.5637782321428598
CABTUV,0.9141976104222973
CABVIL,0.48663838602407605
CABXAF,0.8342000958857405
CACFIW,0.4229061399458364
CACWEJ,0.9325879416550262
CADBER,0.8676259792327458
CADCUH,0.8452683318047269
CADGET,0.6615357913924391
CADGOF,0.648522635919579
CADMIE,0.43065609122890286
CADPON01,0.6324738643415877
CADVEI,0.8633482240897186
CAFHAV,0.6387414154119176
CAFTEL,0.4349044995601788
CAFVEN,0.6485842792413503
CAGPEH,0.6171193958042646
CAHBIX,0.7889753389171337
CAHCIX,0.8759687216854052
CAHHIE,0.6780746455737452
CAHNEH,0.7579855948544134
CAHVAI,0.6612519585350465
CAHVEM,0.7651220441319163
CAJKIH,0.6484450565091375
CAJMUY,0.6550004217470705
CAJSUE,0.4853655020342469
CAKQEM,0.6481088993186039
CAKWAN,0.669688803495937
CAKXAP,0.4775076268622643
CALBOG,0.49057843701265247
CALSOX,0.9403245749273824
CALVOC,0.8289066410946097
CAMCEA,0.5392505674704533
CAMGAA,0.9113523761836158
CAMNOW,0.5057157389908989
CAMVAN,0.524698265536181
CAMWAQ,0.9507721274768608
CAMWIY,0.7369849770072419
CAMXAS,0.848190057370851
CAMXIA,0.8523320113903392
CANBEZ,0.4772134803916149
CANDIN,0.6665294527202765
CANHEE,0.4981896296150634
CANJIK,0.8039137645778431
CANLOS,0.7267671454916843
CANMIN,0.7571227321861884
CANRAL,0.7957551566000685
CANYAU,0.6601394493896705
CAPJOU,0.8686603911618763
CAPLAH,0.5342333364917699
CAPLEK,0.42660858061144624
CAQPIW,0.48477449845711856
CARJIQ,0.7841404341271242
CARQER,0.8218665236135421
CARTEN,0.495259342405835
CARXIE,0.89078511513351
CASGEI,0.4156459440206012
CASGIM,0.39856412990506856
CASGUY,0.8788268525691199
CASLIS,0.7945790399290806
CASMIT,0.8389593134538957
CASNIW,0.7499076811126286
CASQAP,0.7066342901363192
CASRUK,0.45774370510768564
CATHEL,0.6216361507187183
CATJIQ,0.6293894171797396
CATNEQ01,0.43416378879308787
CATVAX,0.6326330719067856
CATXUT,0.6886589249977586
CAVCIN,0.8858515289640957
CAVDEI,0.5942010047569598
CAVFEK,0.6511088453572665
CAVGUE,0.8584693562427081
CAWDUZ,0.6277776958011181
CAWHUE,0.5924532694111022
CAWJIW,0.7844820430447843
CAWSAW,0.7885531646163846
CAWSEA,0.5980502480061403
CAXHIS,0.7574709266527174
CAXMAP,0.6062167444660129
CAXNIB,0.7251828373427065
CAYBOW,0.6646710760878586
CAYBUC,0.8942659630916528
CAYSUR,0.6769197969673433
CAYVUV,0.730773054985056
CAZFAM,0.7103882110853549
CAZTON,0.9391448730165307
CAZVEF,0.6131868965623659
CBBUDY,0.8918927103475519
CBENPH02,0.7272226651375067
CCACEN,
CCBZCD10,0.7720345888763295
CDBALA,0.3648506672131649
CEBBOC,0.7897309358593162
CEBBUH,0.7339884333905802
CEBJIF,0.6311640442964456
CEBRIK,0.6768188580596614
CEBROR,0.7007980879287762
CEBSAF,0.7001044259075294
CECFAU,0.6427477832029277
CEDCAP,0.6548998753161178
CEDDOE,0.6744296097713478
CEDDUK,0.38956800452442786
CEDJAZ,0.8277158736301738
CEDPEI,0.690710519116641
CEDVUE,0.45658784680194603
CEFCIZ,0.835212125492453
CEFSIR,0.8842346510017027
CEFSOY,0.5610521046101199
CEFZOD,0.9035623926073203
CEGLAD,0.8953160202574074
CEHQUC,0.6453729459433009
CEHRUD,
CEHSAK,0.4812305541371966
CEJJUY,0.7036293205558092
CEJREP,0.585270184173534
CEJYIA,0.8368481174390582
CEKGUU,0.4245899543579212
CEKKAH,0.6543658684586701
CEKKEL,0.6680884737933177
CEKKIP,0.6373139270884806
CELHIL,0.789340686525462
CELLUB,0.6862182496983236
CEMFUX,0.3607236025401781
CEMHIL,0.7189613382318134
CEMHOT,0.7020441714457621
CENCUV,0.7161566875843455
CENDAC,0.839624207400113
CENPUJ,0.6336433539375063
CENRUJ,0.8164057020181413
CEPCEG,0.6335486206874326
CEPGIP,0.5308427415124909
CEPJIQ,0.6463328188052899
CEPWUP,0.7293782041432405
CEPXAW,0.693528789344501
CERDUB,0.9089068977115436
CERPAQ01,0.7477014315756252
CERROH,0.35338751365526044
CESCOV,0.9230120711253741
CETFUF,0.8748338571278875
CETQOJ,0.68675397941421
CETQUP,0.7889518309643608
CEVFOY,0.8727035950302624
CEVTUS,0.5085261499232131
CEWBUE,0.7299910603216934
CEWFER,0.704772295270635
CEWFIV,0.8939318457203158
CEWGOB01,0.8119800009532618
CEWKIZ,0.9238941991672828
CEWKOF,0.6099932865639321
CEWTAA,0.8958030029595333
CEWWUZ,0.8880027265317514
CEXQOL,0.7688334093973919
CEXQUT,0.6338815089615593
CEYCAK,0.7062872142041527
CEYLOJ,0.7250652425192587
CEYLUP,0.7286747938938777
CEYREF,0.6147527025442864
CHEXDC,0.8802702609585256
CHEXEC,0.9319979633226718
CHMEHX,0.44022834189487636
CIBCIB,0.5702871393194777
CIBLEH,0.3639650336890187
CIBVIU,0.43064254756616466
CIBZEU,0.9044262317586835
CICJOP,0.8268557674579452
CICLUX,0.9342761859136415
CICYOD01,0.875213028428412
CIDCEX,0.861142926404275
CIDFED,0.6545241468253645
CIDFUT,0.8754156593995637
CIDHEF,0.8204804002615202
CIDJUV,0.39641249548329044
CIDQIS,0.8099261351540261
CIDQOY,0.7286549117948339
CIDQUE,0.9218283714151665
CIFMEM,0.841810817878429
CIFVOC,0.8482876510393546
CIGFAZ,0.7924730693484372
CIGSUJ,0.7810621331950005
CIHBOM,0.6234650310640415
CIHCUR,0.9491280217630632
CIHLOV,0.5657961092866772
CIHWUN,0.806775009374096
CIJXIE,0.7672629067358742
CIJZEB,0.44588175240174077
CIKKEN,0.848849484040912
CIKREU,0.8083890813151664
CIKSIZ,0.44199367338651585
CIKVEX,0.7383373417455011
CIKVIB,0.9372108221511019
CILNOC,0.8380572454498958
CILWID,0.7136380704109944
CILWOJ01,0.5953318878524704
CILWOM,0.6653288830619216
CIMDOS,0.6782821398649759
CIMHIP01,0.8699411976128848
CIMNUH,0.6788306524150167
CINGAH,0.8221950566499487
CINMOD02,0.8374108976881967
CINROJ,0.6166278379839237
CINXUS,0.45485270155863206
CIPNOE,0.7748424309629686
CIPQIE,0.5960645496357675
CIPYIK,0.43754381828972366
CIPZAD,0.9252503290513897
CIQBEK,0.9275673769957524
CIQCEK,0.48194671621330054
CIQHAM,0.5609549788474751
CIQHUG,0.8964152296631247
CIQKIX,0.6943288667677922
CIQLOE,0.9032782948806573
CIQMOF,0.45235290756534163
CIQRIE,0.6854007102556281
CIRHUH,0.749124968061307
CIRWOR,0.8819611340760936
CISKAQ,0.6465092935846749
CISNEX,0.4768746614128121
CISNUN,
CISRED,0.9522632027429798
CISRUT,0.6762977097091069
CITBUE,0.7890643203406389
CITDER,0.4170814096180732
CITJOG,0.8714695052797934
CITKIB,0.7358413465414653
CITKOH,0.7054597418080655
CITKUN,0.7043554124166899
CITPUS,0.8728898213001781
CITQAY,0.4187537558529193
CIVDIX,0.6385863046213941
CIVXIO01,0.5701370909637995
CIWJAU,0.8641097184649472
CIWMUS,0.5673611599874422
CIWQIK,0.7013833453901723
CIWYAJ,0.9196446146956505
CIXGIZ,0.4357163813589752
CIXJUP,0.5957499917059272
CIXKEA,0.887022782840178
CIXKEA01,0.8849729605529785
CIYCIW,0.9511016997948888
CIYDUK,0.851903716608775
CIYNAB,0.7141735114549286
CIYRUY,0.644248050613562
CIYSEJ,0.8016921612212294
CIYWOY,0.5776784280084161
CIYYAM,0.7434334077279491
CIZCIY,0.7862104152339333
CIZCOE,0.6532950127888891
CIZGAT,0.6448477488511659
CIZPOT,0.6230181800397928
CIZXIV,0.7890088220562361
CLANAC,0.515118545242326
CLANIC05,0.6341177260092422
CLAZBZ01,0.8601133153294017
CLDTCB01,0.9246633373195381
CLDTOL,0.919096070908772
CLFORM,0.5925641483000651
CLFULV,0.3907959338843349
CLMETH,0.6202812401841759
CLPMCY01,0.9183269861359686
CLPNOX,0.4763066105462298
CLPOBZ,0.6814472211695735
CMEOXE,0.5234322685685867
CMTZFM,0.6740512488169259
CMXPHD,0.8034232146410836
CMYANT,0.640052297199577
CNAZPA10,0.38412119494481206
CNAZPB10,0.5644610233057445
COBCEC,0.7747725131507811
COBCUU,0.4085064817945113
COBJAH,0.6441121779311517
COBJEJ,0.9466438844902993
COBKAG,0.8150285064282439
COBPUF,0.4541229873695668
COBQAL,0.7881710895979585
COBXUO,0.34065086327235217
COCHOS,0.6367279794440487
COCJUZ,0.8651895796509141
COCMUD,0.9463362651400653
COCQAM,0.5263270059294858
CODAMC,0.48837141463454076
CODBEC,0.6933215388687698
CODMAL,0.8646270901330544
COFFAH,0.9305642135483432
COFJUD,0.7003474725808909
COFKAK,0.6823219917265146
COFQEU,0.7038829606673541
COFZOO,0.8520365562772494
COFZUU,0.9126804676897624
COGBAD,0.8269849873811723
COGBEH,0.7798717376139823
COGBIL,0.9025519920808974
COGDUZ,0.47195374417000086
COGFUB,0.28345680588896893
COGGAI,0.5739200402072387
COGGEM,0.6867855221013487
COGHOY,0.867633866399442
COGTIB,0.7800776169485704
COGTID,0.4525573289196935
COGVOJ,0.6873897168095933
COGWUT01,0.6263247625838748
COHKUF,0.7250300958491491
COHXUV,0.5398576212103829
COJCAF,0.5276905022467018
COJYEH,0.6469084268931256
COKHUG,0.8184009997348393
COKVII,0.9093046217801497
COLREB,0.8683517643943727
COLXEI,0.8337810341973712
COMWAF,0.8297155436169119
COMWEJ,0.5701776657043346
COMWIN,0.5969564076352207
COMWOT,0.9327419691800926
COMWUZ,0.949623159808808
COMXAG,0.9390987513114382
COMXEK,0.8773207988684895
COMXIO,0.9235084544196795
CONGRS,0.5735237277031758
CONHET,0.7891676611722834
CONHIX,0.8688536313746124
CONJAR,0.823492497975484
CONYAH,0.6809921710699567
CONZAH,0.6363244088644376
COPCUI,0.5068538416532675
COPDIX,0.3736885616727404
COPJEW01,0.8994343840697798
COPTUY,0.8844108100040584
COPWEM,0.6480040719053053
COQDIV,0.4329617254162384
COQPOP,0.7581181566219001
CORCIY,0.6297104727473277
CORDOE,0.6162618415486312
CORONE,0.8861852892106035
COSPAC,0.7608769516384952
COSQIL,0.571322877493194
COSVUC,0.9271786497842789
COSXEO01,0.8374272299747626
COTCIZ,0.628418606313831
COTFUP,0.8922292941768927
COTNII,0.5856246383188825
COTNUW,0.4724203822184392
COTSAF,0.7709665398392415
COTZOD,0.5319437472885963
COVGUS,0.8892153058405093
COVHUQ,0.7628237598329312
COVJAY,0.5304681539025804
COVPEK,0.6549780741617796
COVZOF,0.6193444084037876
COWKAC,0.9130849284377814
COWKEG,0.7077011936543324
COWLOR,0.954987586990611
COWMIK,0.8182859045352278
COWNUZ,0.8837311670170519
COWSIR,0.6741422861000348
COWZEV,0.4190476728355707
COXJAC,0.7812618053610338
COXWUJ,0.9067793311361937
COYDEA,0.6178585384088198
COYLAF01,0.7612186523923099
COYLUX,0.8614509903587101
COYMAE,0.8196001264635238
COZVUJ,0.9346683804272995
CPPCPD10,0.49630828968192636
CRBZOL01,0.6710220309809906
CRYSEN,0.8817447901411042
CTAZCD10,0.719019546794654
CTCYME,0.4678739596288966
CTETEC01,0.5252511977549839
CTSARC,0.8305151566242416
CTTCON,0.7905605044835842
CUBPAQ,0.6463073468078437
CUBQAR,0.665980065333645
CUBTEA,0.4552629159794467
CUCJEP,0.8200293702907806
CUCJIT,0.8469092775536763
CUCVIG,0.7625730292961346
CUDDUB,0.8308119714576476
CUDGOX10,0.6660311064957801
CUDTOM,0.8750796125200949
CUDWOQ,0.6103465279117853
CUFCEO,0.7643107521405902
CUFCIS,0.9381656898832256
CUFCOY,0.9337008686038328
CUFHUH,0.8169144589727242
CUFPUR,0.7026623713562442
CUFZIM,0.6936173668760044
CUGDIR,0.45437416124772384
CUGLUN,0.9295347091417863
CUGMAU,0.7252019130652336
CUGMEY,0.7208146456421712
CUGMOJ,0.8590586177996743
CUGMUP,0.8597555912840532
CUGNEA,0.8362797831003091
CUHHET,0.9256610245569984
CUHSAC,0.7316809454760652
CUJZIT,0.4791863842636275
CUKCIU02,0.576201774596131
CUKCIX,0.8698267139282705
CUKDER01,0.6484033429847447
CUKDES,0.48530988838420386
CUKDIV10,0.6922925044542474
CUKDIW,0.8983233206234463
CUKDOB10,0.7048388796323912
CUKDOC01,0.7965590292121025
CUKDUH10,0.707147840585263
CUKFAP01,0.6228089526515522
CUKGOH,0.701231195531767
CUKMUT,0.5223836403156814
CULMOL10,0.8301730429260789
CUMMIG01,0.8534148398440647
CUMMIG02,0.7372313741745512
CUMPEH,0.8335760628321722
CUMPIK,0.9273636484388187
CUNCEU,0.9604913890878034
CUNCOF,0.7368725239832101
CUNJEB,0.6582714910191731
CUNQAF,0.6713937519475831
CUPDEW,0.691885180382553
CUPDUP,0.6462160412668702
CUPFEZ,0.7900541369269961
CUPFID,0.796037672861166
CUPJAY,0.6038099461602657
CUPJIJ,0.455322399538722
CUPJOM,0.7339776600928231
CUPVUF,0.5539275585740224
CUQBUN,0.9244069132594992
CUQCAU,0.9246883376728314
CUQCEZ,0.9452340642535726
CUQCID,0.9289427221649003
CUQGUS,0.6213744355491031
CUQPAF,0.6855979083994312
CUQSUC,0.9139645487367741
CURCAT,0.8728414294756017
CURCAV,0.9144038342883822
CURCEX,0.6692447793059897
CURCID,0.9575067115551303
CURCOK,0.4025300779237511
CURKEG,0.8825131984003749
CURTAN,0.8845755971876936
CUSNOU,0.5692536459662794
CUSQIR,0.8009522353054445
CUSYIY01,0.6983447089458628
CUTHOQ,0.8392542251933435
CUTHUW,0.6218343888396736
CUTJIM,0.3497705009206463
CUTJOS,0.5767793683064362
CUTKIN,0.6507432682878429
CUVCUS,0.596855500932802
CUVDAZ,0.8931147755617972
CUVJIM,0.5866801064642867
CUWHAF,0.560383302545732
CUYCOQ,0.6928204981995965
CUYDOP,0.3938124046026561
CUYDUV,0.8338869868866381
CUYJOV,0.5851951556947704
CUZMOZ,0.893393453956072
CUZXIF,0.8878111499198383
CYACAC02,0.6065760616243505
CYCHEX,0.6401533172130959
CYGSGS,0.8960700837290821
CYHCAC11,0.49446095828686193
CYHXUR,0.589991461851692
CYMHTP,0.47624063735411576
CYNGEN,0.6787489132443344
CYNURZ02,0.35951596479041137
CYTDEC,0.9005434797659166
CYURAC03,0.7306693759519111
DABBAJ,0.8007809204823855
DABBIT,0.9299524912985488
DABDIW,0.8951084742008825
DABDOC,0.8930735398833554
DABIPH,0.6632802455124883
DACHQO,0.6534443793323216
DADDUH,0.9081592658622478
DADHOG,0.9251747231597466
DADMUU,0.6375564047891589
DADMUU01,0.6199953997223063
DADPOQ,0.8827589952020662
DADPUW,0.8933371277681171
DAFHUO,0.8436088024801124
DAFJOK,0.8462758608945476
DAFKUR,0.7624860533280149
DAFMAA,0.7571234901175895
DAFRAD,0.750957002473787
DAGBOD,0.7591095668575193
DAGCIZ,0.6193168041275404
DAGLII,0.46560539000529444
DAGLOO,0.7037747043770063
DAGWOY,0.6727415026551238
DAHLIK,0.9480354971430367
DAHMUX,0.9941227008000459
DAJWIV,0.8169761869255531
DAKHIJ,0.7011479673122565
DALTAM,0.7407161104748909
DAMHPY,0.8606375332392171
DAMLIM02,0.703735650495355
DANGAL10,0.8269219835235487
DANLIO,0.7708429136345311
DANLOU,0.715662494111644
DANTEN,0.391094052274646
DANTRO,0.35468781085292783
DAPROC,0.735742623745733
DAPTOE,0.6756879206471967
DAQJOX,0.7681686184309277
DAQLAJ,0.49363269601885795
DARVEX,0.7286799756739231
DATDIM,0.6475311744183684
DATMOC,0.6109179438770582
DATQIY,0.43111156671567724
DATTAU,0.8121017731018281
DATVIF,0.5544485314829297
DAVBEJ,0.7181346427899468
DAVBOT,0.8167213056799351
DAVBUZ,0.6664888517496285
DAVLIV,
DAVQEY,0.6790406225354582
DAVQUP,0.8653747296854616
DAVSEB,0.9401764240638026
DAVWAY01,0.8647534232495824
DAWBEI,0.8684456729640091
DAWHEO01,0.8058921056637139
DAWSUP01,0.7417371485584628
DAXBOU,0.9250657579121491
DAXBUA,0.9248312297355294
DAXSOM02,0.4861053480553539
DAXXAD,0.7910226140134049
DAYNOJ,0.5953762129367209
DAYPUP,0.6385792579614163
DAYYEI,0.9260451449422438
DAYYIM,0.7873615958757908
DAYZIN,0.6108656424040637
DAZBIR,0.48469109069438304
DAZCOE,0.5809443884075871
DAZDEQ,0.5803977753744676
DAZPUS,0.5548527009514684
DAZSIJ,0.48275223368968284
DBDTOC,0.46140546452617365
DBINDB,0.8901333782660863
DBODIM,0.9362976117385114
DBONAP,0.7710827709310614
DBOXEP11,0.6645217210247297
DBPHEN05,0.6783726985772978
DBTACD,0.8503208406402853
DBTHPS,0.49511511818347886
DBZCOR,0.8704161484815266
DCBDOX10,0.5094306887610303
DCBZDX20,0.9113699468662646
DCHEXC02,0.7766032224320486
DCHXAL01,0.9607683895358936
DCHXCS01,0.5212082026461479
DCHXCT,0.9108872310999936
DCHXNS,0.6380777353025623
DCINDG,0.9477691398341832
DCLBEN01,0.5528805895328197
DCLBEN03,0.7070935905876365
DCLBIP,0.35688077144392794
DCLBPH,0.568445172377544
DCLETH02,0.7338545257959664
DCLMAN,0.7392978179730968
DCLMET10,0.6912630092489856
DCMANT,0.9275953860662302
DCNHEF10,0.7783888281789061
DCPEDO,0.44824938221287786
DCPHDS02,0.6971177034582142
DCYANM,0.8146668252666422
DEBGEX,0.8710577432748374
DEBGIB,0.8740056763000619
DEBGOH,0.8649529825835074
DEBGUN,0.8618263974993379
DEBHAU,0.7414945808584038
DEBTOT,0.8627453423244166
DEBVAH,0.7344454043219099
DEBXIT01,0.3012945450307958
DECANN10,0.7957600997674287
DECCIY,0.9195750351988058
DECFID,0.7702826785476163
DEDQEL01,0.7965698669470476
DEDRUC,0.6446490466904203
DEDWER,0.4035311549373656
DEFQAJ,0.9592953287269455
DEFZOG,0.5129439279145378
DEGDAV,0.7610347430438007
DEGFAX,0.8508587539442602
DEGYIZ,0.49688103979707465
DEHCOL,0.7557707433432893
DEHNIN,0.3533318998587145
DEHXIY,0.8437072643726886
DEHZUM,0.6807307171684767
DEJPOY,0.4716074619594733
DEJVOD11,0.809789022480253
DEKDEF,0.788972356926256
DEKMEM,0.9016132959874488
DEKMUC,0.814741495436681
DELQIV,0.39490743217531915
DELXUO,0.6254789885660768
DEMBED,0.6120077172363353
DEMBON,0.8029498467589432
DEMHOS,0.6984890346469239
DEMHUY,0.8882577214305716
DEMJAG,0.8482877697649419
DEMXIC,0.8417611674356016
DEMYUQ,0.5381060616905592
DEMZON,0.7447886745794486
DENDUY,0.8038218998033474
DENPOE,0.6767672288243224
DENQAR,0.7081626880296008
DENSOL,0.6097979422743643
DEPZEG,0.6556751402262692
DEPZIK,0.8555401154278719
DEPZOQ,0.6933960607610965
DERBIL,0.8944675633956716
DERHIR,0.8251014761567775
DERJEQ,0.7309149813577156
DERTID,0.7528645211989283
DERWAY,0.6857877628521889
DESHAN,0.7862672023506951
DESNEU,0.7191988837258031
DESYEI,0.6937615051728444
DETEPH,0.773363540213063
DETHAM,0.6860507570955052
DETLUJ,0.7083460569716598
DETNAU,0.6451462203476266
DETNEY,0.6724732732163756
DETSOX,0.6888318912987811
DETXAC,0.9239021462213348
DETYIL,0.66212209756548
DETZOR,0.888289026351239
DETZUX,0.7590976102206916
DEVBAH,0.6803379730850334
DEVBIP,0.6548660744089126
DEVGOB,0.8287849381920175
DEVJIY,0.6898310607144573
DEVLEY,0.7435521898704511
DEVXUX,0.8481027720891052
DEVZUC,0.5944237197664469
DEWGOB,0.25570742416564907
DEWLEX,0.8999548998926717
DEWLUN,0.9188115930383225
DEWMAU,0.8609667469925264
DEWMEY,0.9163866370517448
DEWSUU,0.6614768641313609
DEXJEY,0.8470042531286854
DEXQED,0.6949083464769775
DEXQEF,0.8444669236634322
DEXZAJ,0.8694226738540277
DEYCIU,0.5173412023591077
DEYQIJ,0.40757131102686706
DEZJOK,0.5391623485991932
DEZLIG,0.7395958717662638
DGLYAC01,0.5731483335446943
DHANQU01,0.8510689443195675
DHANTQ01,0.871562128347706
DHDTIZ10,0.8886308615747333
DHNAPH01,0.9661130013943126
DHNAPH02,0.7152994389560309
DIACHZ,0.744697736724565
DIAZNE,0.6924375297576658
DIAZNP,0.9284527896260808
DIBENZ01,
DIBFIF,0.5041820116752366
DIBRUE,0.6591115645533199
DIBSAL,0.7282408127349793
DIBYOF,0.494091535318905
DICCUO,0.636507005567928
DICGED,0.6222521478008294
DICMIL,0.8893889157255545
DICMOR,0.8987551170146044
DICMUX,0.8918866469489847
DICNAE,0.8779592759360078
DICNIM01,0.9107440259649272
DICNUY,0.7030583797088858
DICPAG01,
DICPEK,0.9256651759886532
DICQOW,0.5136215142144946
DICQUD,0.9062624318098512
DICRUF,0.8508062631960496
DICWES,0.5344228858557105
DIDGUT,0.6299090322980603
DIDMAF,0.7142453542605077
DIDMUZ,0.7405788371461228
DIDNOU,0.4758658201719666
DIDNUB,0.8300995550135974
DIDPIQ,0.8794036633682037
DIDPOW,0.3880117340496737
DIDPUC,0.6450487132397101
DIDQUD,0.5278495743723539
DIFKUA,0.7625937157791489
DIFQOZ,
DIFWUM,0.7891292084009169
DIFXIB,0.9061849389947205
DIGBAX,0.7847146225827644
DIGBOL,0.7325174013860194
DIGGUV,0.49662406080234084
DIGLOW,0.8101199207315116
DIGLUC,0.951280348989286
DIGMAJ,0.8924148931630147
DIHDUT,0.6256021683259498
DIHDUU,0.2466536909952725
DIHMOX,0.7087570997535733
DIHQUH,0.6935020262117865
DIJCEH,0.7545899216322925
DIJCIL,0.9262850573887577
DIJKIR,0.9130183884167798
DIJTEV,0.6313349132206993
DIJYIE,0.9114744368940358
DIKCOP,0.6644893650517167
DIKPIP02,0.756264157777115
DIKVID,0.6537480799152744
DILCOS,0.6915489899429526
DIMFOX,0.748364523930215
DIMMAQ,0.9123837662558656
DINDEM,0.7695619762558845
DINYOQ,0.7468073392384578
DIPRBZ,0.6315664954985103
DIQDAI,0.9337837928225858
DIQPEB,0.5592483574989197
DIRFUH,0.5650598614014701
DIRNIB,0.620759833536112
DIRQUQ,0.4778233704366862
DIRXEJ,0.9461024012826301
DIRXIN,0.8064670956249662
DIRXUZ,0.6979278061889359
DISHIX01,0.9428574762357439
DISHOD01,0.7240059092008171
DISLID,0.9313629362518513
DISXEI,0.8871506948707909
DISYAI,0.45602418730504374
DITBEN,0.6691970058638064
DITHAN,0.24915587371380948
DITLEA,0.5423903424469194
DIUREA04,0.3127629667241948
DIVMED,0.6158428317072737
DIWFOF,0.7850075579684368
DIWFUL,0.713029957563896
DIWJOJ,0.44981447838436334
DIWMED,0.7533757361357687
DIWRAC,0.4866103827799916
DIWVAI,0.9398475564794868
DIWVEM,0.941415108755481
DIWVUC,0.45295367324836416
DIWWOW,0.6959810940279494
DIXCEU,0.803373573366194
DIXDEV,0.5524526757976828
DIXJIE,0.49678513777586203
DIXRAE,0.6198497535455423
DIXREK,0.8134128671079234
DIXTEN,0.7986282804355078
DIXWUC,0.7963420542813315
DIYDOH,0.7323923882380005
DIYLEE,0.9573903936182906
DIYLII,0.9364222876962964
DIYLUU,0.947026975356919
DIYMAB,0.9360650398514089
DIYROT,0.9484332727319226
DIZJIG,0.8905167786372397
DIZVUF,0.8657519780296786
DIZWOY,0.8654422371776265
DIZYEQ,0.42818323340444214
DMANTR01,0.7959004437944532
DMEDBE,0.6865572117275737
DMEGLY,0.8187825283491935
DMEOXA,0.4213622339115923
DMGLUR,0.3898955504680393
DMIMZT02,0.45541663241371694
DMNPTL01,0.7536288228060919
DMOXAM,0.7703376030028725
DMOXAN,0.7222376631282552
DMPHNZ,0.5341574134236462
DMSULO,0.42620973144791285
DMTHIO10,0.7838671943194704
DMTPAL,0.7686885175554811
DMTTMC,0.741648899481822
DMURAC01,0.5038770045382168
DMXZHX,0.7038723516416246
DNEDAM,0.5641603657314471
DNITBZ,0.544162503973787
DOBBUS,0.6989119374326718
DOBRET,0.9178870553618563
DOCGOT,0.5550121644185195
DOCKUB01,0.6934965403134207
DOCLUF,0.44537511542945296
DOCMUE,0.7683208063482392
DOCNAL,0.6489108200618002
DOCXAV,0.9393260967399208
DOCYPH,0.22302055858196113
DODKIQ,0.7470279451714362
DOFGUD,0.8677931424194772
DOGJOB,0.3087463017690467
DOGJUH,0.6135833817715547
DOHBOC,0.9297994271687335
DOHDPH02,0.6506756619199016
DOHHOX,0.7016213095739812
DOHVUR,0.5136399067072172
DOJFOZ,0.8364474756164809
DOJFUF,0.9028768240852909
DOJGAM,0.7176834963728882
DOJGEQ,0.7040293255958123
DOJXIM,0.7295584379140168
DOKPAX,0.946329026748544
DOLJUL,0.3881779811188296
DOLLIZ,0.8879923267512049
DOMQEE,0.3241528393177486
DOQTEL,0.8163636375758044
DORNOP,0.9190415435074064
DORPAD,0.8257487952359945
DORRUZ,0.6556028380450656
DOSBOD,0.7695411767158964
DOSCEU,0.4093147114006485
DOTNIJ,0.6786930600091531
DOTPEI,0.6484488647743523
DOTRIO,0.9364113002552538
DOTSIP,0.815064867222276
DOVDUO,0.8976215486882079
DOVFUR,0.6647259599752702
DOVNUA,0.8881889573075463
DOVSEM,0.7920578189134267
DOVYUJ,0.4689765009276079
DOWCIC,0.39416887546502816
DOWHOO,0.6930921504505266
DOXBUQ,0.6384162683733066
DOXJAE,0.8589159429271372
DOXJEH,0.8065318430871627
DOXJIL,0.7274806614757222
DOXSAL,0.9107740296058128
DOXWAR,0.5238752709460509
DOYYUO,0.8312865349111488
DOZREP10,0.5541214929590894
DOZYUN,0.5731617217226849
DPANTH,0.6832867307850532
DPANTR,0.602303205554793
DPDSON,0.6578304512727362
DPEDAL,0.9018385454833122
DPENAM02,0.8243315156693668
DPHOCE03,0.6207414261605364
DPMTTP10,0.8547940997808892
DPOCTT02,0.7632243771331375
DPOXHX01,0.833803022489501
DPOYET,0.3987327308644582
DPPHEN01,0.6591927012236088
DPPYBZ,0.6931472756030485
DPTHOA,0.8539323276158243
DPTOCH,0.7800184202091738
DPTPAM01,0.5863175148061044
DPUREA12,0.6202260824423599
DSCYDY01,0.9403261315999019
DSCYPE,0.7168469784461755
DSPEDN,0.6688861806536712
DTHDOX01,
DTHIAC,0.6524158471601176
DTHICR20,
DTHKET02,0.8541575025316243
DUBGUC,0.616192170426825
DUBQAT,0.6114303778097127
DUBQEX,0.7121713387381889
DUCKOB,0.5689947926953061
DUCLAQ,0.8923034132474814
DUCTED,0.49334707959241125
DUCTUR,0.956988854765432
DUCXUV,0.7318033479193835
DUCYEG,0.6950177389989474
DUDFIS,0.6724327132075831
DUDGEP,0.7727208707331709
DUDTEC,0.5209573239799328
DUFNOK,0.8246549180318934
DUFYIN,0.8427069783821926
DUGGIY,0.36783650308829907
DUHQEF,0.5876395503696805
DUHRED,0.7399264763394405
DUHZUC,0.5534227553352763
DUJBAM,0.8576872856647769
DUJBOA,0.6350609145577109
DUJGIZ,0.7696051842106595
DUJJEY,0.6657877435702023
DUJKUQ,0.8676991642375524
DUJQEF,0.4740346414626322
DUJSOR,0.7849821142653117
DUJZIT,0.7224527713064455
DUKCOE,0.7593613457204795
DUKHIB,0.7946392467389786
DUKKUP,0.9065211319697525
DUKLAW,0.7942028549630679
DUKNAB,0.8854298991966388
DUKQOS,0.7670030469128732
DUKRAE,0.8157932533315897
DUKRUZ,0.6130161591564733
DULRIO,0.5503820697683163
DULYUG,0.8101030820253216
DUMPEG01,0.7290009314269131
DUMWIU,0.7704605884842893
DUMXOZ,0.844248223328741
DUMYOC,0.7340946121068938
DUMYOZ,0.4938494340037826
DUNXIU,
DUPZOD,0.2166645254814335
DURENE,0.7528303120314763
DURZIA,0.6993321499523929
DUSFIH,0.5734159872930152
DUSHOP,0.8755218034247594
DUSLIN,0.9376230333699573
DUTDAY,0.6928648376340173
DUTGIK,0.7362134146281167
DUTKUZ,0.7162849164069403
DUTVOG,0.6367416949419332
DUWFOQ,0.6997142769776507
DUWHEJ,0.9291629845899153
DUWHIN,0.9096394075036818
DUWHOT,0.9145372748196382
DUWPIW,0.7682308414550394
DUWTEX,0.5745609206348161
DUWTIB,0.6777279647423043
DUWTOH,0.7585719280928627
DUWTUN,0.676629012130457
DUWXIC,0.8785385249483718
DUWXIF,0.8847424227071824
DUWZEC,0.7871457220163746
DUXKUF,0.6904676583614705
DUXYOM,0.9224447979662653
DUXYUQ,0.9270686576965708
DUYLOB,0.9264483696832342
DUZFUB,0.756434959666243
DUZGAI,0.6974692971316129
DUZGOW,0.9052714644668222
DUZMUH,0.7594162307144303
DUZRUN,0.27718376302980885
DUZSID,0.6589579375518336
DUZTID,0.838761898137609
DXABIM01,0.4960492933015563
DZTCDE,0.7160249265789917
DZTNON01,0.6822862154754845
EADMEB01,0.6327230438662159
EBAHOG,0.6298161566789232
EBEKED,0.6053476607886459
EBEVIS,0.9589222708025645
EBEYUH,0.49532263845952995
EBIGEB01,0.4590223618657511
EBIGUR04,0.9747912833373861
EBIHAA,0.9295811900840071
EBIRIR,0.6280864042046803
EBIXIY,0.6413130793702987
EBOCAZ,0.8874872128127945
EBUDIQ,0.7690352158040059
EBUQUN,0.46475599107739296
EBUZOR,0.8264236659558494
ECACOA,0.37404191414338184
ECADIW,0.7105279952338321
ECAFUM,0.7362738641470046
ECAQEG,0.6112370824798078
ECAQIK,0.8902022293650618
ECARAD,0.5591387200067475
ECASUZ,0.7657054411984033
ECAYUF,0.7640674729537745
ECAZEQ,0.837650130219894
ECEJEC,0.9576306440261938
ECELAZ,0.53563993993354
ECELUT,0.6902668966017191
ECENAD,0.8414625471703571
ECEZUK,0.6947213601629694
ECIJEI,0.7316800199829068
ECITUI,0.7677630419358584
ECIVAQ,0.8406325242321397
ECOLIU,0.42861263103144825
ECORUJ,0.8703821039727795
ECUMIY01,0.822228270209726
ECUQOJ,0.4571352142357889
EDAFOF,0.5638827611946557
EDAGUM,0.8906494603705151
EDAHAV,0.846867999865893
EDATIP,0.5688744508204762
EDAXOX,0.7335309313977076
EDAXUD,0.844371528069855
EDEHED,0.398323989586409
EDEKII,0.6075900226236575
EDEKOO,0.46978305539495646
EDEPAF,0.8001558657275402
EDIBEB,0.8907255472138004
EDIMEJ,0.5395470999159855
EDOWAW,0.7039898473922723
EDOXAW,0.5889448869323056
EDOXEA,0.7122379924359222
EDTAXX02,0.8035571558753385
EDUGUI,0.9276631562989992
EDUMIZ,0.5671219904698688
EDUXUX,0.7977182474604714
EFABOD,0.6176268778840079
EFADOG,0.870945961553803
EFAGUN,0.930688425605199
EFALAB,0.5168809290807096
EFEDIC,0.6767607958063168
EFEDOI,0.7384720824585338
EFELUY,0.8848419882821781
EFELUZ,0.8041853591910617
EFETEQ,0.7980241697051761
EFIBIF,0.853603784517634
EFIMOW,0.7168284917736255
EFIQEP,0.9377043099631965
EFIZEA,0.6870358032313676
EFOGIR,0.8215145520868562
EFONOE,0.6134539600336228
EFONUK,
EFUJAR,0.6606168919476659
EFURIH,0.6147427189295405
EGAKII,0.503534008956697
EGANOS,0.5640100045184662
EGEFII,0.9550792995761993
EGIDUT,0.5972175545377745
EGIFAB,0.5762851280642166
EGILEN,0.6294139090743163
EGLDBZ11,0.6199140296384239
EGOBOU,0.47190657055636204
EGOFAJ,0.7554517977548642
EGOFEN,
EGOKIW,0.8515872262374797
EGOSOK,0.8452224977996058
EGOTAX,0.7993657963053731
EGOVIF,0.6052296364650696
EGPCBZ10,0.41511886737334147
EGULAU,0.9419497957061225
EGUQED,0.7167655454177448
EHABAR,0.5488214172495479
EHALUU,0.8870433379116122
EHAQUZ,0.9414709008515826
EHARAG,0.5631390031021236
EHELOT,0.8722761350603339
EHEMOU,0.5984912520862095
EHETIU,0.9424035243522124
EHETOA,0.9405678496478926
EHETUG,0.6840045600927087
EHEVES,0.9063221771844628
EHEVIW,0.8858053856726564
EHIRAP,0.32258066524945933
EHIRIX,0.634284267591358
EHISEU,0.6787598204314369
EHIVEX,0.6091768207978004
EHOJOA,0.7194862992696501
EHOMIY,0.8990940417608778
EHOPEY,0.7636645276280956
EHOTUQ,0.712597984494154
EHUBAM,0.5679998823522037
EHUCIU,0.8022083061617867
EHUJIB,0.6330129613433733
EIMCAM10,0.4647801389369991
EJAKUW,0.4370551887693732
EJAXEU,0.7279044696376291
EJAXOE,0.7230944837847304
EJEFEE,0.8891022500498084
EJEFOO,0.8802274515248663
EJEHAC,0.6083863967198824
EJEQOZ,0.5152939408814465
EJEQUG,0.9020628721755728
EJERAN,0.902682109714843
EJIGOU,0.9326474020202792
EJIYAZ,0.9085064368207743
EJUGUL,0.7018372030130939
EJUVOW,0.8727899998187209
EJUXUC,0.9301702354149817
EJUYAJ,0.6668341720960543
EJUYIR,0.9099108463069777
EJUYUD,0.6786973590843447
EKAKUW,0.9510750923732392
EKAQOY,0.59372262759369
EKAVIX,0.8051178658294035
EKENAJ,0.7868791880691809
EKENEP,0.6839515193490564
EKETIZ,0.8473556978899339
EKEYOI,0.7534761208121044
EKEYUP,0.8831407389659078
ELAPOX,0.4895767930684769
ELAQOY,0.8899219155719897
ELEWAV,0.38884892050904757
ELIGEN,0.5466554336218837
ELIWUT,0.7373874120842112
ELIXAA,0.7611799318603363
ELIXEE,0.7206107737996337
ELLAGC,0.813002936167639
ELOPOK,0.45370139060902226
ELOQIF,0.8181741911037107
ELOQOL,0.6361992386480656
ELOTAC,0.8562595004617727
ELOVEH,0.5942360570027878
ELOVIL,0.5523716409378048
ELUDEV,0.7055372896651723
ELUFAT,0.865272368998083
EMABOK,0.6149155586108462
EMACOL,0.6975775477219739
EMACUR,0.8059750781114219
EMAJAF,0.8880506779421065
EMAKUY,0.8341971703572983
EMALAF,0.9299512363435096
EMANUD,0.8955192748244932
EMAPAL,0.9021288946825461
EMAWOF01,0.6142136791085075
EMEMIS,0.7115543161164903
EMEMOY,0.42706186623737225
EMESIZ,0.49890393409772243
EMIDUA,0.930784090905972
EMIJEP,0.5021640111093777
EMILER,0.8878139259340745
EMOHOE,0.777140973390091
EMUYIV,0.46178816319808297
ENAJIO,0.7947380070942881
ENICUA,0.41404751954517993
ENIFAJ,0.7901441694601256
ENIFEN,0.4365266933117241
ENIGEO,0.8559446078351416
ENISEZ,0.5690498396757437
ENIWIH,0.6329468821283329
ENIXII,0.6704213695992378
ENSULF02,0.44361136492357567
ENUNUX,0.9333594663777589
EOPBDY,
EPANEQ01,0.9079077828003975
EPAZAY,0.7801504120416709
EPEPOG,0.9263735710676494
EPOCAP,0.8875644107446141
EPOXIS,0.430006887543863
EPUBOI,0.9057805355620143
EPUCOJ,0.6601113746195717
EQEFEN,0.6640678544713327
EQIMAT,0.823780928228275
EQOBAN,0.7359752941653402
EQOCIY,0.5624594157867393
EQOGIA,0.5224103207208447
ERADAC,0.44964963879755976
ERASIA01,0.8091955132813233
ERAWUP,0.68164024279787
ERAXAW,0.6438109435996447
EREXII,0.8293386598635454
ERILAS,0.8538476421941938
ERILIA,0.7944911641364154
ERIQIF,0.5470571054172064
ERITEF,0.9359136559353237
EROBOD,0.8248834724609759
EROZER,0.7857559841745032
ERUFON,0.863793135661103
ESEDOW,0.9207367343291526
ESEDUC,0.7418987821438234
ESEHIU,0.7253823229439514
ESENUL,0.9037510188131087
ESEPUN,0.3881531593414702
ESIVOR,0.46424380879906263
ESIWAE,0.518144481997514
ESIWEI,0.9150213174101135
ESOYOC,0.8929674205270487
ESTILO01,0.7166567225515478
ESUCYS,0.9022624282779077
ETADAN,0.8857224627450914
ETAWIG,0.788940973663348
ETDIAM01,0.6197744580487826
ETDIAM15,0.5439006131809105
ETDIAM18,0.2067968538902517
ETEDEM,0.9212526009987405
ETEPEY,0.6901863353732198
ETHANE01,0.5890571293181707
ETHCAR,0.4206714029238331
ETHLEN10,0.3612725320236203
ETIBAL,0.6952202375292583
ETIDEQ,0.9448142585398728
ETIGOD,0.522248673259947
ETIMQO01,0.8840923298418261
ETIPEC,0.8519717842375084
ETIROO,0.6686728388454234
ETIWIO,0.361089749388481
ETIYEL,0.24166092993046592
ETMSUL01,0.7316388004540678
ETOCEV,0.7560081677294158
ETOCOG,0.6409918852693354
ETOFUQ,0.6166134161749548
ETOVEO,0.7164181684698386
ETOXPA,0.7839803995800011
ETOXPC,0.7265172389829868
ETTHCY,0.7294272620931465
ETUGAB,0.8828416996650463
ETYNBZ01,0.9621275788552336
ETYTAC,0.7040687391988415
EVAMEU,0.6553868984236786
EVANOF,0.7343510351833338
EVASOK,0.8241303732633561
EVAVAZ,0.8485019114462168
EVAZAC,0.6848705634314041
EVAZAD,0.9053932970996128
EVEFER,0.5229801836913994
EVENID,0.9506923789857437
EVESIJ04,0.9191001360154971
EVESIJ06,0.5497682891377946
EVESON,0.9580639615871344
EVEVIL,0.6117908256303132
EVIHIA,0.5233357014284649
EVIKUP,0.7980718443047253
EVIMIG,0.43614186861889576
EVIRAC,0.5448700614676656
EVIROQ,0.8122642008954896
EVOFEB,0.516415050500514
EVOHIH,0.7749791840713227
EVOJEF,0.7902102644533702
EVOSEN,0.7960508589482339
EVOSIR,0.8284701483953918
EVUGIM,0.8530087137445593
EVULUC,0.7890393233824283
EVUPUI,0.708563407064452
EWADAI,0.9561063605488415
EWAVEF,0.42167110517813783
EWELEX,0.8492684524223654
EWEYEL,0.6756143683281775
EWOCAV,0.8290948677749077
EWOGED,0.3094306955682624
EWOYIY,0.860022290101864
EWULAL,0.8169221308276403
EXBISX,0.7669387687038818
EXCMHP01,0.9498489632306948
EXCPNB,0.5553808516318339
EXIBAO,0.6181457574097708
EXILED,0.6718723062988561
EXODAW,0.6870223659492594
EXODEA,0.8765027928843623
EXODIE,0.660179074697898
EXODOK,0.8669597061400628
EXUDUY,0.49692601855597046
EXUGUZ,0.4435942114461186
EXUHOU,0.6705020550757649
EXUWAX,0.5008457480711921
EXUWID,0.8194141318184452
EYASEE,0.3661688930258918
EYAXAE,0.5640135005045761
EYIVUD,0.5963662101227298
EYODAX,0.8177554953674776
EYUPUK,0.6948306723960417
EZACUD,0.6601541645816679
EZADAK,0.6670994024070156
EZAKAS,0.5051387131169377
EZALEW,
EZEDOD,0.9197029051752709
EZEDUJ,0.8566194405900858
EZEFAR,0.8942111408172462
EZEXEN,0.6400962402125316
EZITAI,0.5055073757851439
EZIXUG,0.8224435264711428
EZOCUT,0.7430976171836052
EZONAK,0.758021079765476
EZUHUC,0.6571152579572953
EZUWIH,0.8249256500035569
EZUWON,0.8784847083254677
FABWAI,0.8447098104735586
FABXIR,0.9019122040871059
FACXAK,0.5993342877825691
FACXOX,0.5905501387314467
FADDOD02,0.8840326687673253
FADDOD05,0.8843281943372283
FADTOW,0.5284135838918554
FADTUB,0.7218278782557294
FADXEN01,0.7766774583414521
FAFDIA,0.41272313680545836
FAFDOG,0.6673814432622043
FAFDOI,0.7061109609396435
FAFJOL,0.5337147144025848
FAFVUE,0.7418630873593642
FAGKAC,0.680185141678615
FAHNOR,0.5934896940498411
FAHPIP,0.6990007756935583
FAJHEE,0.8431134641310534
FAJYAQ,0.7849893071131968
FAKLIP,0.6555130696109108
FAKVIX,0.44798089613301967
FALBAY,0.8651216784130469
FALFIJ,0.836948869842983
FALMOV,0.6369625511578363
FALTOD,0.6449554450320837
FALYEZ,0.8364870462592292
FAMHUW,0.7703354193061767
FAMPER,0.9175803035501172
FANNUL,0.9199267869448196
FAPFAD,0.8828583459090538
FAPFEH01,0.8882367354813312
FAQGUB,0.5512195709816284
FAQJEO,0.6902086851023643
FAQTID,0.6112906050916813
FARPOF01,0.746824732093246
FARSOG,0.8965602490925263
FASWEE,0.8849012112589896
FASXOO,0.6578416876087235
FAVCEM,0.8883332711569161
FAVTOO,0.5590700786944535
FAWQAX,0.71340220964607
FAWTOP,0.7605261395036447
FAWVAD,0.8016680163861282
FAWVEH,0.5709666240078055
FAXSAY,0.7031004570670718
FAXTAA,0.39567205186988635
FAXVUV,0.6879934957027293
FAYHAP,0.767608928998088
FAZBIS,0.7469055114371572
FAZNAV,0.37300030883287894
FEBFIB,0.7559367797071241
FECZOE,0.9558550900662534
FEDPEK,0.8904989998084323
FEDRUC,0.62090685841014
FEFBIC,0.7192173139324777
FEFFUT,0.6522703845970126
FEFLUZ,0.7832123144633449
FEFPOW,0.8526537605615299
FEFQUD01,0.7320860697302778
FEGDOL,0.9370941074691914
FEGDUR,0.4941379358195014
FEGTUH,0.655964136021463
FEHGAA,0.6678470579100998
FEJGUW,0.6379724938393607
FEJWUO,0.7367289469922009
FEKDEE,0.6287455982104344
FEKTUM,0.6889691255451426
FEKYAY,0.8971141503976672
FELBOP,0.5668877574979349
FELTUL10,0.686088017882159
FELTUO,0.6427235527636317
FELVAW,0.947991334470519
FEMLEO,0.7295700844657151
FEMNUI,0.8189340825050963
FEMPAQ,0.84497251146385
FEMRIZ,0.7294094854626223
FEMROF,0.7513236356745275
FEMTOI,0.9148133944286398
FEMVEY,0.5102196579663083
FEMZUU,0.6138095029302625
FENPET,0.6522755784458392
FENXAX,0.8789648119070399
FEPBIN,0.2579647220321429
FEPFAJ,0.7422182003865085
FEPGIT,0.5213544259790212
FEPROJ02,0.5932944039397551
FEPSIE,0.6094521106092744
FEPVON,0.5094554017075259
FEPWED,0.9082177682039826
FEPZOP01,0.8589056897211562
FEQLAQ,0.8868218861526903
FEQWII,0.8287030090564063
FERFOZ,0.6188395941126092
FESCAH,0.348531579961487
FESLAR,0.6364084845205011
FESLEV,0.854288874454397
FESRIG,0.7344299058942961
FESVUX,0.8567757738352865
FESWEG,0.7808609126534024
FESXOT,0.6057099309407944
FETVIL,0.5309179917714308
FEVMUO03,0.5600267529454054
FEVYUA,0.7293089810480133
FEWHIZ,0.6445452627023799
FEWHOG,0.6591135048983875
FEWHUM,0.7070515034978047
FEXBUF01,0.413487571671663
FEXCOA01,0.7565727861123025
FEXTEK,0.5265588843311078
FEXZEO,0.8690603886266107
FEXZIS,0.7942610567933693
FEYXEP,0.6129867499909673
FEYZER,0.8023747661905707
FEZKOK,0.6708833724112876
FIBKUW01,0.7659417106202534
FIBKUW02,
FICVIX,0.6391747711570989
FIDCAW,0.8869635666865889
FIDFII01,0.549198369928319
FIDFUW,0.8583083352971297
FIDHUV,0.7137471215755686
FIDPUE,0.5270603314843239
FIDZEZ,0.2208551071250325
FIFHAG,0.5622148658959112
FIFRAN,0.45547987608373125
FIGMUG,0.7721324128435806
FIGREV,0.8319867241989359
FIGYOL,0.4921257524289595
FIGYUR,0.6869803780592738
FIHLIS,0.5678888333015895
FIHSAS,0.8094149773325076
FIHSEW,0.8160788523048107
FIJBUW01,0.510517884603332
FIJGUA,0.6369168176069795
FIJJUE,0.54589843859016
FIJKIS,0.6154528019695655
FIJWON,0.4034482114073129
FIKHUC,0.6166878265619951
FIKJEQ,0.8849414224326112
FIKTOI,0.8478380720836334
FIKVAW,0.6851455306821229
FIKWAX,0.811094272128244
FIKZUU,0.9201382079581174
FILBOR,0.4490107610011023
FILDEM,0.7481740038757115
FILNOF,0.6733778308687498
FIMHAK,0.6491743882347725
FIMKIY,0.6007719424796334
FIMTEB,0.5889815723886394
FIMVUV,0.6092461750572822
FINGOB,0.6190245884105574
FINZEI,0.7261179076923038
FIPDUD,0.6798570310379617
FIPJIA,0.6958895848531909
FIPVOP,0.7078539507026964
FIPYAG,0.9190525013279511
FIPZUB,0.7241407569482949
FIQDEP,0.6538815426278649
FIQDOZ,0.7034464185236367
FIQSEG,0.6389714270207526
FIQSOQ,0.8379684216701822
FIRKOJ,0.8504771079792542
FISMIG,0.7678460393690174
FISMUP01,0.8886974314216145
FISQUV,0.7156980439712876
FISYAH,0.9119525006457351
FISYIR,0.6103556175494039
FITBUG,0.4639519668398007
FITCAN,0.6910683103972979
FITHAU,0.684463369686945
FITHEY,0.8115847225483079
FITQUU,0.3622308613073393
FITWIO,0.8407770921497758
FIVFEW,0.7336872327932835
FIVROS,0.8653465128295723
FIWBOD,0.40612987639133824
FIWBUJ,0.633463692354948
FIWVEM,0.5358053514903467
FIWWOY,0.5648701414454056
FIWZAN,0.6058915714729092
FIWZIU,0.7351766586313985
FIWZOA,
FIXCIB,0.5825383602557859
FIXMUW,0.7221721777397985
FIXSUA,0.33817111876718015
FIXTAH,0.5645931489379086
FIXWIS01,0.3682224911048698
FIYMAE,0.6106009520704548
FIYNOQ,0.8003818876687965
FIYTOX,0.7748661461485173
FIYTOY,0.9469728607934813
FIYVIT,0.8622832716916012
FIYVUE01,0.9207618955656955
FIZJED,0.8188977083547142
FLOCOS,0.46385887815087856
FLUREN,0.8870414204462331
FOBBUW,0.6724345962497846
FOBRUK,0.44448550125460223
FOBSOE01,0.49967936253520134
FOBVAU,0.5771134932802812
FOCFIN,0.49284125788990313
FOCQEU,0.6396563414760732
FOCYUS,0.5408912282233658
FOCZAZ,0.655264594782959
FOCZED,0.9089603786104461
FOCZIH,0.9708197307289114
FOCZON,0.8212333038780536
FODCOR,0.4583451591257584
FODMIW,0.4967622113685623
FODNEU,0.712254076356467
FODNIY,0.6723361390133231
FODPEU,0.7279751393913522
FODPUM,0.48934504711428717
FODWAW,0.7241143090579094
FOFQOG,0.9125424169965
FOHFAK,0.5548595557913389
FOHGAN,0.6887201215027803
FOHGER,0.6685229101896836
FOHKUI,0.5977256522172316
FOHSIH,0.9059883893427068
FOJQON,0.7059966894192035
FOJTOO,0.8289884814682804
FOJTUU,0.8067501752933213
FOKGAO,0.581392439045982
FOKGUJ,0.8400255845477322
FOKNIC,0.9705823073422513
FOKSOO,0.9044579043872818
FOLTIK,0.6869691163209639
FOLZEO,0.593516846440679
FOMCIV,0.5053313420481224
FOMGEU,0.903036230160456
FOMHAZ,0.6185794304053487
FOMTUZ,0.8858385294686756
FOMVAH,0.9617147018523621
FOMVEL,0.8455914486899093
FOMVIP,0.9203714057070027
FOMWAF,0.46319247804489244
FOMWEJ,0.6824080623058462
FOMWIO,0.9688625259278054
FOMXEN,0.9260014777601153
FOMXIR,0.8692701182043133
FOMZUD,0.7462409407628887
FONFOE,0.8134270341143166
FONSUY,0.8716108457302343
FONYUE,0.8261587568558635
FOQJIE,0.5912156924539166
FOQLAB,0.6200006520903055
FOQVOY,0.7323088697840308
FOQVUE,0.8616750953308678
FORDIB,0.8810452574077048
FORHYZ,0.5661369131004573
FORMEG,0.6424719871420876
FORMIK,0.748946582583041
FORSUC,0.8195836249591826
FOSDAS,0.5360193767965377
FOSDEW,0.6282152455597702
FOTHUU,0.6588147156678293
FOTJIK,0.8018248945916744
FOTMOR,0.2675208181245892
FOTYAP,0.24975463056006483
FOVMIM,0.7476811417311455
FOVNUA,0.757330563995422
FOVVOB01,0.49787523237791753
FOVYUL,0.6373313913328389
FOWJOT,0.9504051659083995
FOWLEL,0.9149333031102641
FOWMEK,0.7851212818629381
FOWPAI,0.3653309150296028
FOWVES,0.2808114630237752
FOXGEE,0.9400355918072985
FOXLEK,0.7665604889691254
FOXREQ,0.7938271583865973
FOXTOC,0.6697290010148204
FOYNOY,0.9274367627069992
FOYPUE,0.7113439631322136
FUBHEP,0.9200554927466799
FUBHOZ,0.8827492630056297
FUBKUK,0.6573716993799917
FUBMAR,0.4565741601621091
FUBNEW,0.7988558777550734
FUBNIA,0.5833833102125122
FUBNUM,0.558419882228051
FUBPEY,0.4099929335973076
FUBPIC,0.7795668036384913
FUDHES,0.4863843025806398
FUDXEI,0.7372036335005745
FUDXIM,0.5635474342493461
FUDXOS,0.5220439517986741
FUDYUZ,0.46251379102769896
FUFFAO,
FUFLOK,0.7212167757023261
FUFPUU,0.6873882452792449
FUFTIM,0.957165734075262
FUFTOS,0.5576385280595741
FUFTUY,0.888045548547418
FUFZEO,0.839896167847707
FUFZIS,0.8223459157619778
FUGSAC,0.9519565871322616
FUGWAF,0.6131340837658805
FUGXOX,0.619898112346744
FUGYAH,0.9355452752834451
FUGYIQ,0.9032608603867832
FUHCOB,0.7835118188231048
FUHDAN01,0.9174344509477168
FUHHIC,0.7384632291837687
FUHJUO,0.3620159818799522
FUHSOR,0.6061661963242184
FUJBIW,
FUJKOL,0.9520730396428752
FUJXEO,0.38872841331064073
FULDEV,0.7913891507849329
FULFID,0.3235159983209887
FULFOJ,0.44577613525081544
FULLUU,0.9012960119079486
FULSOU,0.46551522588971145
FUMAAC01,0.6325127630292084
FUMLAD,0.6966148086390189
FUMMIL,0.9287413526622267
FUNKAA,0.8354078509759213
FUNPIQ,0.9441508472012421
FUNQEK,0.8001522523047078
FUNTUD,0.39859261185078376
FUPTOA,0.9475040342349327
FUPTUG,0.721398200984049
FUQBAU,0.7033176154231611
FUQXUL,0.7365437964661499
FURANE10,0.5260288504695052
FURGII10,0.4333698765271153
FURLOW,0.6921040785266128
FURMEN,0.7975210772686431
FUROPH,0.6785661169424185
FUTJUA,0.5326008584787565
FUVYIE,0.7047673678365528
FUWLEO,0.6356830747380409
FUWMIT,0.40534343270590484
FUWMUF,0.5121230177234299
FUWVIE,0.7678957020022961
FUXCAD,0.6498706563618094
FUXDUA,0.5733853277186365
FUXFAG,0.878167718737637
FUXPEV,0.5203785401360665
FUXVEA,0.6046961486768669
FUXVIE,0.7235025303125728
FUXVOK,0.8050243031609916
FUXVUQ,0.7134598451785994
FUYLOC,0.77011469425976
FUZBOT,0.6963807558918753
FUZMET,0.7285235455905177
GABSIO01,0.8513493596198322
GACFOG,0.7521403394131592
GACHEZ,0.6582400839696502
GACPUW,0.7495196390578182
GACTUC,0.6858471371785648
GACXAL,0.8369788225787594
GACZAO,0.6800159383350868
GADBUL,0.6902728217255871
GADGIE,0.8311306095891914
GADNOO,0.6772138987012293
GADZAN,0.4071134669349588
GADZER01,0.5977196050263252
GAFDIC,0.6057279181550975
GAFDUO,0.8737651367172152
GAFFEA,0.8092257362161841
GAFFIE,0.7530882100618357
GAFGEB,0.8854705630457158
GAFSOW,0.8870194688930141
GAFTAK,0.7885448465165574
GAFTEO,0.6690447514978879
GAFVUG,0.9606309932039491
GAGQEL,0.7328959580784704
GAGRAK,0.9249988382091351
GAGTIS,0.8325295318810857
GAGVAO,0.6997195712914147
GAHXAR,
GAHXIW,0.5212448706326533
GAKVAP,0.9104259261400255
GAKZAU,0.7402168203891588
GALCAX01,0.6194267995792905
GALCEB,0.736000182004767
GALDAZ,0.504556695016527
GALKOW,0.38867271607012494
GALNEP,0.8099031618282166
GALRET,0.5901152203970068
GALRUJ,0.6364721284277656
GALVOE,0.6886498158029715
GALZEB,0.7741315480367498
GAMBAZ,0.7314220031999173
GAMNOY,0.8626365452590046
GAMQOD,0.6396338530457706
GAMQUJ,0.8402028097149279
GAMWAV,0.645499917414437
GANJEK02,0.8823844897326308
GANJIQ,0.7243960129115984
GAPDEJ,0.6740187128440135
GAPDIN,0.6841790954851645
GAPHUC,0.8558115109929958
GAPQAS,0.8740941191201518
GAQQIA,0.6844329400633608
GAQSUO,0.8492852464482247
GAQXOM,0.7885295458719304
GARCEK,0.8040726801336283
GARKOB,0.29954777586346826
GARVUQ,0.6645884193222575
GASFOY,0.5819286625606779
GASFUE,0.6855389140707775
GASLIW,0.6380288986736019
GASLOC,0.8162788314860822
GASLUI,0.8335864226837316
GASNEU,0.7061744241893118
GATDOX,0.7472397552389745
GATLAR,0.5417555751835175
GAVCEM,0.9656468571932098
GAVJOC,0.33193644430578806
GAVKUJ,0.6862058925622438
GAVZOU,0.9118241047622109
GAWKIZ,0.7311418203366283
GAWKOF,0.7363967883955762
GAWMIB,0.6091119176794729
GAWQON,0.8853324667077918
GAWRIF,0.622477077584461
GAWTAA,0.8223256313091686
GAWWEH,0.7368259458883308
GAXSOP,0.3774450799138112
GAYYOU01,0.9278897116309759
GAZCOB,0.8428596023121274
GAZNIE,0.8170602972320379
GEBLIK,0.7316252539712426
GECGOM,0.8739548288660088
GECGUS,0.8215358336856882
GEDBOI,0.6035934003007767
GEDPUD,0.7382217241459331
GEDQAK,0.8782754709931485
GEFBAU,0.9057042333141617
GEFNEL,0.4252605951326276
GEFTIX,0.9381968676857028
GEFTOD,0.7613459221545245
GEGHUX,0.814018396863616
GEGQUF,0.8417725754068192
GEGSAP,0.7604792819909226
GEHMAK,0.729769440293745
GEHTET01,0.8417539322602234
GEHXEY,0.8957251686311565
GEHYAW,0.665593553092228
GEJDAB,0.6941558690257358
GEJJAH,
GEJRIY,0.6261412646652081
GEJSOF,0.5081894171375441
GEJSOG,0.7435319494136148
GEJWUN,0.8854788750068397
GEJXEY,0.8059971445873916
GEJYOK,0.888898955504458
GEJZEB,0.9222015096758274
GEKKUE,0.4324065068806362
GEKTOF,0.8397441044963594
GEKXUP,0.783648538469722
GEKZON,0.8881712037501897
GELDEI,0.89227143753547
GEMNIW,0.5848310653261862
GEMRAU,0.8593211362311248
GEMZUT,0.7834888425410897
GENFAG,0.7061139026658136
GENNAP,0.8314346802855795
GENWEE,0.8437392321580554
GENYIH,0.5853173072318815
GEPPAU,0.6704197686801104
GEPPID,0.9253881057098942
GEPPOJ,0.7923349630094974
GEQTIF,0.9161467950020211
GEQZUX,0.7288024932931783
GERFIT,0.6218325005106927
GESQEA,0.6606995296514727
GEVFET,0.79772197181463
GEVLIE,0.7333718074105074
GEVNAX,0.6772133256179312
GEVXAG,0.6966537132818775
GEVYUE,0.4837669907487806
GEXGEX,0.8517264360915363
GEXMAA,0.9291024264750603
GEYGOG02,
GEYROR,0.6653776417963283
GEZCAP,0.9655642075112733
GEZCET,0.8659052699651021
GEZROU,0.6025928933235526
GEZRUA,0.752811840949265
GIBKEJ,0.8597448398464536
GIBVOF,0.7771208484180993
GIBWAS,0.8682781273199189
GICTUJ,0.4620465822998688
GIDROC,0.8868559638105344
GIDWOI,0.7196669871858914
GIDWUO,0.8694860634703372
GIDXEZ,0.9080077965535437
GIDXOI,0.6312002873827948
GIDXUP,0.949744211279162
GIDYAW,0.5975966408277591
GIDYEA,0.6368274868221302
GIGDOR,0.49617616798825054
GIGFIN,0.5571145557468066
GIGKUF,0.7843962122937329
GIGNUH,0.693414495972373
GIGPET,0.6190710720058716
GIHYII,0.8017229838070065
GIJNIW,0.8337718498472512
GIJROG,0.7619713705919243
GIKBOU,0.645604458667945
GIKSID,0.7422353470213986
GIKZUW,0.8224783726695568
GILBAF,0.8398490697059873
GILFUD,0.8875116584878355
GILGAK,0.9684585366843943
GILHOZ,0.4743750232297616
GILJAO,0.5238929747252652
GILXOP,0.9260643425952292
GILZOR,
GIMQUP,0.47025122547566867
GIMREA,0.8143124079674514
GIMTAY,0.690505044103417
GIMTEC,0.6690830368642509
GIMVAC,0.3933368254072409
GINCAJ,0.4390021181438078
GINGAM,0.6353660313595716
GINMUN,0.7672341582265927
GIPFIX,0.7499445204423448
GIPKEX,0.3937674702053618
GIPVUX,0.8487367675279999
GIQTAB,0.4087774838329168
GIRDOC,0.8855978108367929
GIRQEE,0.8748914117289449
GIRRAB,0.7429156581508228
GIRRII,0.6532781980484147
GIRVIP,0.6744428921867123
GIRYOW,0.8112876848729839
GIRYUC,0.6821339594828071
GISDIW,0.5209626634679199
GISDOC,0.6260454086708772
GISFOG,0.6721255542475162
GISLUR,0.8882431670566313
GISNAZ,0.5421951066944192
GISNUS,0.7266114194598778
GISRAC,0.5930829145155666
GISSEI,0.6515949520285248
GISSIM,0.43289596663685603
GISSOS,0.7714022460230234
GITGEW,0.6683383547950861
GITHOH,0.6934543614717834
GITROR,0.4734589594176807
GITRUX,0.8745879511577063
GITSAE,0.7097922988612767
GITXAJ,0.7905858406072117
GIVXUE,0.3997358813233357
GIWDEW,0.919561505977033
GIWJEB,0.6889012974485086
GIWJIF,0.49510091979855936
GIWKAA,0.41601460531708406
GIWMEF,0.7899073784026197
GIWNUY,0.6916380145007659
GIWPUX,0.7501311988016024
GIWQIN,0.7382013853271153
GIWYUH,0.6635003777790043
GIXREL,0.6968992805434566
GIXYOD,0.5993792727079105
GIYGIE,0.7347618911587661
GIYHUR,0.9627158643198177
GIYQAJ,0.7142130219650037
GIYSEM,0.5446088368360524
GIYWAP,0.8621040548934529
GIZZOF,0.5903963652745097
GLURAC,0.7933026330156931
GOBBAB,0.8511816641277966
GOBLOZ,0.731649249299161
GOBNIW,0.530984251594553
GOBSEY,0.8201436979452802
GOBVUP,0.781255889141726
GOCGEL,0.8553069130815163
GOCHAJ,0.4296017552028517
GOCHOV,0.5950614278256687
GOCKAN,0.888111290839576
GOCKEO,0.8794437583642765
GOCKIT,0.4643415459868462
GOCWEA,0.5328090029906405
GOCWIG,0.731538637987722
GOCYOM,0.7595774575798929
GOCZII,0.591869751094081
GODCIL,0.8879026574378079
GODPEW,0.8520575230229421
GODTEY,0.7192671870234031
GODYOO,0.603200461568663
GOFGUG,0.825170185771047
GOFQEY,0.5708100856487964
GOFRID,0.7455551376054639
GOFSIE,0.8602961339848162
GOFZAE,0.39668020232992274
GOGTUT,0.5498230953107129
GOGVEE,0.4557021203816088
GOGWUU,0.662867186256278
GOGXEF,0.3566568207834513
GOHKEU,0.7674066188437371
GOHLAR,0.6580873419551662
GOHLOH,0.8708833348589944
GOJCIU,0.7337390338432408
GOJPUR,0.8811978191687045
GOJQUS,0.5612720472271788
GOJRAB,0.8888307578642333
GOJREF,0.6524088784767123
GOKNOM,0.8141496370753353
GOKZAJ,0.5029258555492306
GOLBUG,0.41164447166346413
GOLGOD01,0.7476444104466858
GOLJOH,0.5860055908660052
GOLJUN,0.9311220423158064
GOMRIK,0.6373256218360511
GOPMON,0.8430565761729636
GOQLUW,0.45597169230972734
GOQMOR,0.42559977058927506
GOQVAL,0.8732900732183138
GOQVIR,
GORGAY,
GORHUQ,0.7513367515996782
GORLOQ,0.6624826989445737
GORTEM,0.8940539310056181
GORWOZ,0.9290122071641763
GOSRUE,
GOTMAF,0.9384028626874217
GOTMEJ,0.9126093435290816
GOTMOR01,0.4546127019398685
GOVQEQ,0.6022881800140071
GOWNAH,0.6684489967298528
GOWTAN,0.5419462560834084
GOYBOO,0.9013169766416655
GOZMUD,0.8063729680901158
GOZNOY,0.9195816258628237
GUBKUM,0.6193068650989076
GUCLAU,0.9065606610522534
GUCNAU,0.8016419000321429
GUCZIN,0.5991698028253581
GUFBIS,0.887380713925893
GUFLIC,0.5503571298462362
GUFTOS,0.43019350832805014
GUHDIW,0.9152935463615006
GUHDUL,0.8100869429799086
GUHKUP,0.8066846045985206
GUHMED,0.8442871150799386
GUHSAG,0.9058797782905271
GUJQEH,0.8661728536004709
GUJQIL,0.8137721807580993
GUKPEH,0.9458344469258025
GUKPIL,0.9518096905817458
GUKTAH,0.7532809485829347
GUKTOV,0.4661267509551093
GULDOG01,0.7395406109615192
GUMRIP01,0.7659728530716999
GUMTAM,0.6223869382333534
GUMZOE,0.942782410045068
GUMZUK,0.8965865074679508
GUNBAT,0.8512003737986015
GUNBEX,0.8647518163320197
GUPCEB,0.6246005162498861
GUPGUT,0.8384456212250446
GUPJOR,0.6804281288825322
GUPJUX,0.9158418076365021
GUPKUX,0.9512348693722197
GUPWOD,0.8111558194574213
GUQHEF,0.746194024876093
GUQNEM,0.6467882486821082
GUQNEO,0.9198030288358703
GUQRIU01,0.66515248680817
GUQZUP,0.7116105935508183
GURBUQ,0.8180895607889719
GURHOQ,0.6669240462167143
GURMIR,0.5469605629898594
GURYUQ,0.8191023218368239
GUSBUU,0.5374325607878787
GUSKEL,0.5185965766202111
GUSWEW,0.5930562379680279
GUTCED,0.901902830866645
GUTCON,0.8883643900913591
GUTHIN,0.9241963892230752
GUTYOM,0.4203783969018722
GUTYUP,0.4137332165949667
GUVNOC,0.8392163518883594
GUWCAC,0.5101161583120937
GUWHEN,0.5445416908569747
GUWQAT,0.4951745730893147
GUWQOH,0.8906538743480321
GUWZAA,0.6402901348708716
GUXHEN,
GUXJAK,0.761477729060304
GUXRAU,0.5209199845827543
GUYPAS,0.8468996319804327
GUYWAZ,0.48798378008144583
GUYWED,0.6285059539438898
GUYXAB,0.8813362930165829
GUYXII,0.7055124599487029
GUZBUZ,0.6961093264228788
GUZWEE,0.6104548087939368
GUZWII,0.6179293100712764
GUZYEF01,0.8804981134718085
HABRUB,0.6052751319809337
HABVOY,0.8716555241091531
HABWAL,0.8840980154579184
HABXER,0.6595846525459371
HACEHQ,0.7808628775459251
HACMAC,0.5636984453616505
HACMEE,0.662018726088168
HACNOR,0.6742472671749516
HACNUX,0.6312714228571197
HACPAF,0.7425752706504402
HACPEJ,0.7414172410765661
HACRYN,0.7584901557745908
HACTUD,0.47808798206150027
HADCAT,0.9389908786834028
HAFGIF,0.8119886442869604
HAFGUR,0.7612009873628618
HAFKEG,0.17808652954757376
HAFSOX,0.8004795109012348
HAFVIV,0.8682441230670603
HAGPUA,0.4100014053212163
HAGQIP,0.6999128520796564
HAGSEP,0.6102825627904322
HAHHEF,0.7460395921048574
HAHJIJ,0.6466710434137555
HAHQAJ,0.8766786636442065
HAHREN,0.6569147774025227
HAJFEF,0.7518637615158575
HAJJOT,0.7423805441706215
HAJMIO,0.641461121605913
HAKMOX,0.7402268115935483
HAKPIV,0.436886691007232
HAKTOD,0.7349748701047498
HAKZIE,0.8045468501421413
HALFOR,0.796821491926097
HAMFIL,0.6842619795719778
HAMKEO,0.7418987704938528
HAMSAQ,0.9160086210674341
HANDAC,0.7540729896019719
HANQIZ,0.6346766916641268
HANXEC,0.510135496818788
HAQDIP,0.9306928879649674
HARLUK,0.6557743282993982
HARMIZ,0.4708723251096876
HASVUV,0.5901494499260751
HATWUX,0.5253472891576343
HAVROL10,0.5240208748062556
HAVVEF,0.8357313600026122
HAYBOY,0.9560457764917685
HAYSEG,0.6116471772071753
HAYXOV,0.9297310704043086
HAYYUC,0.9374819669255442
HAZBEQ,0.5962824035730014
HAZQII,0.7655863602348866
HAZREG,0.5009713140855171
HAZRIK,0.4831038222758386
HBTOXC,0.6526876243475995
HBZCOR,
HCCYHB,0.5743302660174446
HCCYHE01,0.6580332870826295
HCLBNZ11,0.9196947858844532
HCLHEP,0.7635538376420077
HDMBZD,0.5845714548630723
HDPDXZ,0.8452041394914919
HEABZQ,0.5848343295966922
HECFAX,0.9006022639786194
HECJUW,0.5605919042402733
HECWIY,0.6529176761224366
HECWOE,0.3363136286884942
HEDDOM,0.7261531883185108
HEFDUU,0.9261264065981857
HEFRAO,0.905048350098318
HEGGEG,0.6514726546737288
HEGGEH,0.6709121524491536
HEGRES,0.7048005839384972
HEHMAI,0.6685788870227227
HEHQIW,0.6990945621088351
HEHQUI,0.6526452030681595
HEHROD,0.6316463221851171
HEHVOH,0.7870733814912133
HEHWEY,0.788347763926071
HEHYAU,0.38255169907631165
HEJGAE,0.36936723928873144
HEKRUN,0.6778976324354198
HEKSAU,0.6568126247201643
HELJIR,0.45581931690773564
HELQIY,0.9305290112885309
HEMFIR,0.7056696622474106
HEMKOZ01,0.7127051540031385
HEMZAD,0.5539577668670328
HEMZEH,0.949547471084613
HENBOR,0.7803908931569972
HEPOPH01,0.9329458667119643
HEPOPH02,0.7307382601902412
HEPPAW,0.5399401241945958
HEPZOR,0.7056428845330642
HEQRIH,0.5944342382562168
HESLEZ,0.8407598082778344
HESLID,0.6993142279065291
HESMEY,0.6892900110300205
HESVUZ,0.8223209422368277
HESXIP,0.6719747533365195
HETKIB,0.6908469693429284
HETKOH,0.6596252814784872
HETVUY,0.5116149212935934
HEVRUV,0.5652192044428646
HEVTEI,0.775091612091932
HEVYUD,0.4998499548955711
HEWHEY,0.8559145774756193
HEWJIE,0.6646502370728563
HEWKEA,0.8392325717638702
HEWQIK,0.8716608092817733
HEWRAD,0.49860564040538735
HEWRUX,0.6654360446049657
HEXANE,0.7294503223690868
HEXCET,0.5903755673906259
HEXMDA01,0.7151389171555375
HEXMPR,0.8907178158653253
HEXPEG,0.8348948295572021
HEXVOW,0.7559605800683823
HEXVUC,0.6431923695742494
HEXWOX,0.8649309676630812
HEXYBS,0.8959623204279767
HEYBUL,0.660530783448758
HEYVUD,0.7901412937586461
HEZBOD,0.5401060261246322
HEZQIN,0.6358755638447362
HEZSEM,0.8287141661425232
HEZSUB,0.6909288097981927
HIBCOL,0.3907575991410714
HIBDUS,0.9177372250637962
HIBWEU,0.917067012058677
HICJAG,0.8743164541955505
HIDRIV,0.802717526162617
HIDTET,0.6052809406039479
HIDYEZ,0.8210432470381402
HIDZEZ,0.5981801662607146
HIFBIJ,0.9075286361439179
HIFBOP,0.7540947757902666
HIFBUV,0.679133537131507
HIFHOV,0.6801695922007823
HIFLUG,0.7139073750745175
HIFQET,0.5931185059824446
HIFROD,
HIFRUJ,0.7286813430636251
HIFSEU,0.5986768607573755
HIFYUQ,0.6554036675279694
HIGBII01,0.47153561827699264
HIGKOY,0.8761406139122211
HIGNIV,0.5477979642929094
HIGYAX,0.45181620015089485
HIHHEM,0.7276704206648223
HIHLIV,0.9351366055241015
HIHROF01,0.8852518370587201
HIHSEW,0.7197538840012112
HIHWIH,0.5102236118488407
HIJCUZ,0.6903537512248488
HIJHOX,0.5790582461466302
HIJVEB,0.8496241550572186
HIKRIC,0.7945703838176803
HILGOZ,0.40236923571601785
HILROK,0.7502646036905447
HILSEB,0.8510141321313902
HILVEE,0.8713219821807081
HIMGOA01,0.5895293014516402
HIMHIV,0.7702106891782176
HIMNOH,0.6960665687887928
HIMPAV,0.8001542231317269
HIMPOJ,0.3606149238719518
HIMRIH,0.8484928348785925
HIMRON,0.895584880781614
HIMRUT,0.6943759555232746
HIMSAA,0.8875214217189819
HINKOH,0.5220618825190627
HINMUO,0.3952616928126055
HINXUA,
HIPXOT,0.780775461437137
HIPXUZ,0.9074251444978656
HIQBIV,0.5319408591850969
HIQBOB,0.6906786929483717
HIQGUM,0.7182396765536556
HIQHAT,0.8781572597594939
HIQLOI,0.9233337854429972
HIQNED,0.644305554357993
HIQZIR,0.8640567160593396
HIRDES,0.6244487901103019
HIRHIB,0.5824524615964946
HIRJAV,0.6290045105545028
HIRQOP,0.48745991791978815
HIRSUX,0.4398860826717206
HIRYAK,0.6273324136329357
HIRYIS,0.5917147329911947
HIRYOY,0.5928476974665374
HISGAS,0.5917541223785375
HISWOX,0.47021954284408235
HISWUD,0.5210797574491081
HITBUJ,0.47200757992259457
HITMEF,0.6054735127969282
HITRUA,0.8856711298906683
HITSAG,0.5874196411743257
HITTOU,0.6782080221660347
HITTUA,0.7804606078514191
HITVAI,0.9106981548162966
HITVEM,0.753232349313352
HITZIU,0.9204608208176166
HIVBIZ,0.7267248523363009
HIVMIJ,0.7476190450506128
HIVTAI,0.48637607267228095
HIVTIP,0.845451486519237
HIWGOL,0.7903235887639112
HIWLEH,0.7402195920651867
HIWRAI,0.6839000047729995
HIXGIH,0.34166650014528466
HIXHAA,0.639696265692943
HIXHEE,0.9592016224458945
HIXHIF01,0.7395971649578744
HIXHIF05,0.7254165625296677
HIXLEF,0.8726116052775786
HIXNUX,0.6293752335510233
HIXPAI,0.44299784807441
HIXPEJ,0.6349891733322061
HIXSOW,0.4467452401636539
HIXXUK,0.8511606873655725
HIYFUT,0.8137132403886066
HIYJOQ,0.6581736615269855
HIYKEH,0.8413699146248124
HIZHII,0.7830779020873935
HIZROY,0.8550109760905054
HMBENZ04,0.84959620241366
HMBENZ06,0.7000253121618948
HMELAM,0.3566370553643545
HOBCOR,0.6709477769926856
HOBWAY,0.7093440884429749
HODGUD,0.7701009175298371
HODJIU,0.6349849036473562
HODPIZ,0.9703278285046155
HODQAS,0.7720191643862959
HODQUN,0.8631799350135974
HODROI,0.813639091286473
HODSUP,0.9580805688337942
HODTEA,0.9121182875668308
HODURM,0.8640371272825844
HODWAZ,0.6343973849278526
HODZEI,0.7938722977891104
HOFCOV,0.8059286777256097
HOFDIQ,0.6130912637565566
HOFFEO,0.7330788517114569
HOFHIU,0.6834753820349221
HOFQAX,0.734239897391586
HOFWAB01,0.8510885201785512
HOFZOR,0.4708565609592687
HOHFOA,0.8315598950090404
HOHGUH,0.866411464173709
HOHLAR,0.48903760055202194
HOJCOB,
HOJFIW,0.8750631987874044
HOJROP01,0.6056668670421252
HOJVIM,0.9161240285692913
HOJVOS,0.6129544404697164
HOJVUY,0.9541108295436385
HOKNED,0.49831903169314307
HOKPAY01,0.4794155920901005
HOLGOF,0.7010688335009828
HOLMUQ,0.894120538462877
HOLWAH,0.33951394979559757
HOMBOC,0.506529179599809
HOMCOD,0.8694961666468143
HONDAQ,0.6220591637183275
HONMUU,0.9145128256159417
HONNAZ01,0.4108249924103225
HOPGEZ,0.8949102852140691
HOPLOO,0.4893773889925216
HOPZIY,0.793625224108366
HOQFAW,0.7602920372324172
HOQVIT,0.9204940592866081
HOQXER,0.5841211443022887
HORBUL,0.6782552486053801
HORJII,0.842544996550186
HORLAE,0.5171526263135654
HORNIL,0.8010527974288072
HORNOR,0.6449679806915453
HORPUB,0.6605272907676303
HOSVUJ,0.7667422210991397
HOTAUR10,0.3710246206070597
HOTFIG,0.5795615113845571
HOTPIQ,0.5824177109991353
HOTXOE,0.8893152081400618
HOVKOS,0.5377874559569681
HOVLAF,0.8751695907648553
HOVYUO,0.4696240450522225
HOWBAW,0.6728201929226633
HOWFUV,0.8463301357781559
HOWPAK,0.42336329644091664
HOXGAE,0.7360383032934873
HOXGIM,0.7676536783790364
HOXMAJ,0.6986793513519411
HOXMEN,0.7441560308289907
HOXOCD,0.8546318556134914
